Electricity Generation*,,,Contents,,,,,,,,,,,,,,,,,,,,,,,,,,,,,,,,,,,,,,,,,
,,,,,,,,,,,,,,,,,,,,,,,,,,,,,,,,,,,,,,,,,,Growth rate per annum,,Share
Terawatt-hours,1985,1986,1987,1988,1989,1990,1991,1992,1993,1994,1995,1996,1997,1998,1999,2000,2001,2002,2003,2004,2005,2006,2007,2008,2009,2010,2011,2012,2013,2014,2015,2016,2017,2018,2019,2020,2021,2022,2023,2024,2025,2025,2015-25,2025
,,,,,,,,,,,,,,,,,,,,,,,,,,,,,,,,,,,,,,,,,,,,
Canada,459.0164002,468.5840330000001,496.3976998,506.0157646,498.09258654970483,480.5932424242396,506.9948584795292,518.6268124406096,530.2321611381105,553.0548439663934,557.8686930865186,571.6216013110633,572.3414404863013,561.9913125520447,577.7736449502214,603.8161068624004,587.7546027679467,599.7919546433794,588.2696299697212,598.509646967121,620.479798247672,608.4283100313834,634.1848104611481,635.1004482231485,613.8776750517055,607.0118484563803,638.2813280492533,636.5491305887398,655.6810144223218,652.9525467218878,661.0880212762602,667.1269690044761,669.3438655128534,661.2108918245272,655.695604333316,655.8811111855396,652.4037634792749,664.5352575088749,643.4550980247294,642.5827923691928,660.1819236916529,0.0302028768153888,-0.00013714617436999532,0.020501329975353515
Mexico,96.20753203374971,99.58989530867692,106.1654010730962,112.23082348115835,120.04716093525404,117.59154298884492,128.57117140482066,132.2756645276993,134.64251942191686,146.1275620273452,150.35629869436306,156.59093131168345,166.7484449661148,181.0591201448529,189.9785806379923,203.6280610037465,210.21214204530455,215.7222714883992,224.90308351325578,235.39655602165058,247.97075103170997,256.22496048275775,263.249536043933,269.29974799321764,267.75358299198064,292.15899999999993,302,303.755,311.237,316.17699999999996,322.97519750016176,326.9672761111111,331.38150611111115,339.62971,349.08132,353.22762,358.01291000000003,367.97803999999996,385.1000000000001,388.06654551019176,389.7308334247168,0.007040142094563162,0.018965686301523288,0.012102725219937247
US,2657.1500711257113,2676.11315475525,2772.20526585762,2914.4458146794173,3155.4496791380698,3232.779648759239,3270.7244021134193,3284.3899346073094,3404.677872924596,3458.526080733886,3567.331196667886,3663.3862391670423,3716.377329438841,3855.8083949515126,3936.0977119651766,4052.2531064302543,3984.4678897010317,4111.775538198574,4137.978841606171,4231.682747347144,4322.786632227311,4330.9516407387755,4431.837021165222,4390.106116983962,4206.493360590433,4394.250984818358,4363.377155204782,4310.569202193057,4330.2928875411,4363.281415911234,4349.8660356814335,4348.877284036975,4303.798903898064,4464.500817235857,4414.082648773644,4287.613828814803,4400.900615259557,4537.725857392945,4499.110075161118,4639.002212957076,4772.199425119446,0.031530860392080085,0.00930928895192884,0.14819617382959727
Total North America,3212.3740033594613,3244.287083063927,3374.768366730716,3532.692402760576,3773.5894266230284,3830.9644341723238,3906.2904319977692,3935.2924115756186,4069.552553484624,4157.708486727624,4275.556188448768,4391.598771789789,4455.467214891257,4598.858827648411,4703.84993755339,4859.697274296401,4782.434634514283,4927.289764330353,4951.151555089148,5065.588950335915,5191.237181506693,5195.604911252916,5329.271367670303,5294.506313200328,5088.1246186341195,5293.421833274738,5303.658483254036,5250.873332781797,5297.210901963422,5332.410962633121,5333.929254457856,5342.971529152563,5304.524275522029,5465.3414190603835,5418.85957310696,5296.722560000342,5411.317288738832,5570.239154901819,5527.665173185848,5669.651550836461,5822.1121822358145,0.02970405185740299,0.008795954174167786,0.180800229024888
,,,,,,,,,,,,,,,,,,,,,,,,,,,,,,,,,,,,,,,,,,,,
Argentina,45.303728,49.022193,52.11527899999999,52.49951999999999,50.862812999999996,51.004894,53.85426999999999,56.10709699999999,61.86877899999998,65.622035,67.16925399999998,69.75981999999998,72.46246999999998,74.169556,80.74473499999999,88.977961,90.13777079069767,84.59000837209301,92.0594430232558,100.26082099999996,105.750115,113.423565,113.52504191999999,121.90524828000001,122.32601491554225,125.99205328189998,129.48330815,136.03362497514996,139.441423,138.55114649772347,145.4215558511899,147.19282085720954,145.618454,146.773875484766,139.52992245267882,144.6427873384152,153.15191769,145.61899534600002,148.57199171800002,153.229217762,153.3493027176312,0.003525568031085058,0.005322266945473331,0.004762118658027538
Brazil,193.68223389625032,202.12889948686222,203.33147189248922,214.95284833692006,221.7390205087493,222.82011523002677,234.3762971755566,241.76195193832473,252.00312157802523,260.0406103672302,275.6014426953099,291.2455399137768,307.9807828425842,321.74863834462184,334.7262336887574,348.9209387830659,328.55146572964077,345.7226247238453,364.384638,387.4924157120141,403.0827830439113,419.44914720930234,445.14892568056297,463.1715771906199,466.1581230211982,515.7986875907544,531.7582282911961,552.498346209194,570.8346534990893,590.542117779729,581.2279551684527,578.8983088667026,589.3273274006099,601.3964876564366,633.3176363914718,628.7637168445165,656.3963032413353,677.1615627880478,708.1192373802592,751.3354893134392,763.672918010073,0.01920537958310753,0.02767570480460968,0.023715145664421573
Chile,14.040000000000001,14.82,15.637,16.915,17.811,18.398,19.963,22.35,24.013,25.276,28.027,30.791,33.292,35.495,38.384,41.268,43.924,45.491,48.787,49.743068636000004,51.89866535384131,54.80155065701374,58.3059717331907,59.71478161000001,59.70077909,61.332643,65.22276124000001,69.74142329000001,72.96767833000001,71.61637700000001,74.53855406,77.74804821803589,78.60557877760033,82.29984532493667,83.6185178354616,83.71428528443153,87.37844249757184,88.04003800399886,88.99282002830509,90.4859066351546,90.28059466821269,0.0004645157417602075,0.019345346735153424,0.002803579127574909
Colombia,29.374664236296862,31.652930080685092,33.680269194149396,35.473253763155576,37.02080622964625,38.24570622244135,40.12350790892981,36.613098717322494,41.69108606370082,45.024283810342446,47.483470608604755,48.3711213733397,49.906342280514785,50.283142879771205,47.77472075020728,46.7801803974841,48.20800287295764,50.28266393982947,52.11305277213689,53.83857431898831,55.89710848302268,59.06591451969429,60.520302011991134,61.37364043252378,63.183012130050784,64.66284077533707,66.15454613690152,67.71409307427427,69.82108651902985,72.74761912122442,75.02279787547572,74.44603435493727,74.97684938878174,78.2651745619921,80.39115705823686,79.3542233213873,85.56853,89.29658456697122,93.3326212928,96.13027457252481,95.9830528532152,0.0012040488732201204,0.024943983044401152,0.0029806636140262462
Ecuador,4.558,5.0120000000000005,5.384,5.641,5.769,6.3488547,6.974455799999999,7.1960273,7.4113050000000005,8.1439969,8.428596800000001,9.6792006,10.3617494,10.8903525,10.308119274180001,10.612439117316,11.049801148575,11.887558245805,11.546131783838998,12.584844248350999,13.404022567387997,15.115849674445,17.336655151753998,18.608525816211,18.264615252905998,19.509853832412002,20.544142533206,22.84795784014,23.260330036922998,24.307213342674,25.950192130099996,27.313862000571,28.032,29.244,32.284,31.247989999999998,32.20688,33.008300000000006,35.36203,34.37033,38.212309999999995,0.1148278547303434,0.03945638540855523,0.0011866474199260266
Peru,12.111,12.948,14.006,13.552,13.727,13.808,14.482000000000001,13.122,14.808,15.866,16.8801,17.279799999999998,17.953400000000002,18.5825,19.049599999999998,19.922700000000003,20.785700000000002,21.9823,22.9234,24.267,25.509700000000002,27.3698,29.943,32.4631,32.9447,35.908,38.8065,41.036,43.3302,45.549800000000005,48.27,51.7,52.742576,54.9823,57.0385,52.803000000000004,57.4832,59.80677654213128,62.20862789975236,63.603018466788576,65.04171805951394,0.02542168783080534,0.03027098828953556,0.0020198095043947426
Trinidad & Tobago,3.023,3.291,3.481,3.485,3.428,3.577,3.72,3.976,3.817,4.069,4.307,4.541,4.988,5.1690000000000005,5.247,5.459531,5.644039,5.644369,6.437902,6.430579,7.058743000000001,7.17109,7.676285,7.731534,7.842939,8.485408,8.772408,9.134227999999998,9.507228,9.423228,9.570255,9.419255,9.323860999999999,9.225641,9.188740999999998,9.225641,9.262341,9.493243,9.509791,9.751302619669248,9.76318940480517,0.003962060328303707,0.001997921134476721,0.0003031866829684249
Venezuela,47.29,50.112,54.132,58.245000000000005,57.620000000000005,59.321,63.337,67.44,69.382,71.221,73.446,75.58800000000001,78.066,80.904,80.58500000000001,85.211,90.117,89.39489999999999,90.0603,96.8695,104.36079,110.64354,113.69732,119.31733,124.84439,116.7162,122.89773,127.85427,132.62415,130.95536,126.29997,116.16088,110.34358,92.26341999999998,78.11817000000002,76.59282344875486,75.18936408834908,76.3719325147713,81.08322758439179,81.87038789245861,81.26096549279544,-0.004724414131263233,-0.043141160918669486,0.002523483009604067
Central America,11.155437699999998,11.5762383,12.6470576,12.986929799999999,13.886020900000002,14.493572863157898,15.272236705263158,17.281169315789473,18.22916737368421,18.771906157894733,19.818553889473684,20.109946152435274,21.096612387157897,23.22481703499421,24.74684379877527,26.61768785517895,28.4991797133,30.11709801593684,32.1475625055,33.97399020744062,35.82041905444444,37.94995356444445,39.96680331444444,40.88347901888889,41.61190378111111,42.58797673333334,45.056402276422865,47.0662310145629,48.5366309384915,49.27151836611111,52.92411772965928,54.35462471256988,54.99299248475378,56.76023893568729,61.11482413835671,56.79621019598048,61.345921675147736,64.1280267740886,67.54890075125695,67.85112373201042,69.33426774070375,0.024658411159426796,0.027376034199821264,0.002153110605639032
Other Caribbean,36.35158599632978,38.50389585269215,40.67453335578917,41.52372021188436,42.01642065233941,43.424145425863834,42.261799282671014,45.10351292959533,45.38968169066574,48.61119420752305,51.171155010858314,53.99932264001128,57.278601590255775,61.47977734522759,65.0954326645731,67.50218441891423,68.29531774904746,71.42352097096514,73.35372471489654,71.29253281389289,73.89843390888916,75.98803342960385,76.28440441401165,73.20129701484613,72.74255483112844,73.91288508470743,74.01258907829076,76.01222964650772,76.88555899749153,76.03693938371713,77.9545344795221,78.7890765399003,74.47905701414409,76.23679859873296,79.62202265563906,78.69856076651894,80.18643801301606,79.7518458375431,84.27429882692633,84.66983002100794,82.85664180343227,-0.018733753440753453,0.006117248590831181,0.0025730352396852708
Other South America,11.823850065200002,20.834370250000006,26.975184,29.14025791,33.3681057346,37.1111492137,39.7175196012,39.7360260016,43.394183148900005,48.5475581644,54.0412885,57.386189896000005,64.24755651325749,66.9529509386302,65.84131708840677,67.51156628820995,61.33390065881905,64.93353534691195,67.523125661486,65.29511412584236,66.65973289574816,67.5672743675618,71.86057830687173,73.6817359295577,73.53935119001969,75.23394688435486,78.93269200738479,82.32232738002945,84.19596500895497,80.90979933014326,82.72848574753529,91.25898964601063,87.89738266270656,87.9220913037595,80.06708134090374,74.19999601945509,71.81934799341803,74.49416503399445,82.28569503225121,76.74088232176013,78.31488870915186,0.023306582778417573,-0.005467623340852379,0.0024319953603566223
Total S. & Cent. America,408.71349989407685,439.9015269702395,462.0637950424277,484.41453002196005,497.2481870253351,508.5524376551897,534.0820864736206,550.6868832026321,582.0073238549762,611.1935846073906,646.3738615042466,678.750940575563,717.6335150137701,748.8997350432451,772.5030022648997,808.7841888601691,796.546177663038,821.4695786153868,861.3362804611141,902.0484400625294,943.3405133072449,988.5457184220654,1034.2652875328267,1072.052249292648,1083.1583832119566,1140.1404951827988,1181.6413077134018,1232.2607314298582,1271.4049043299804,1289.9111188213224,1299.9084180419352,1307.281900195937,1306.3396587285965,1315.3698728663112,1334.290572872748,1316.0392342194598,1369.9886861988375,1397.1714704075466,1461.2892415139431,1510.0377633368134,1528.0698494595347,0.014713922658377232,0.016302619694974263,0.04745277488662446
,,,,,,,,,,,,,,,,,,,,,,,,,,,,,,,,,,,,,,,,,,,,
Austria,43.742000000000004,43.977000000000004,49.688,48.149,49.155,49.296,51.27025333652143,50.984824983628776,52.44125062784313,53.27408208799931,56.4256937,55.13042169999999,57.2738494812,57.6750549658,60.94104599999999,61.23481045045,62.49449725033018,62.531577309133304,60.13277483997502,64.10708199999999,66.83274237743935,64.375271148,64.75748856800027,66.72518634566,69.08750913780004,71.14679860536444,65.85511369180439,72.72160329222058,68.43795323353139,65.64757548559074,65.51279178344762,68.51315707715189,71.3244147675548,68.61804859494885,74.23430241180002,72.5563125052,70.886543,69.174038,74.95314599999999,82.406732,77.84059382836637,-0.052821852840056804,0.017391262060887813,0.0024172665780200346
Belgium,57.322,58.676,63.367000000000004,65.349,67.547,70.923,71.936,72.22500000000001,70.834,72.179,74.408,76.099,78.833,83.183,84.514,84.012,79.821,82.069,84.63,84.21030000000032,85.67690000000032,84.58720000000031,88.10290000000033,84.39960000000032,91.18330000000033,94.60930000000035,90.63770000000031,83.05010000000028,83.49370000000029,72.54560000000025,69.705,85.6060000000003,86.619,75.03990000000026,93.64430000000034,89.45360000000038,100.48180000000035,95.95030000000033,83.663,77.15680000000027,72.85660336126325,-0.053146184215006276,0.004431904024450484,0.002262493432174525
Bulgaria,41.632,41.82,43.473,45.021,44.331,42.141,40.862,35.61,37.997,38.133,41.789,42.716,42.803000000000004,41.711,38.248,40.924,43.968,42.679,42.6,41.620811,44.364483,45.843021,43.296861,45.036218999999996,42.96339,46.652557,50.796608,47.293127,43.815948,47.489649,49.223898999999996,45.279416,45.612791,46.837683,44.276591,40.754441,47.568096,50.499303999999995,40.255508,38.535175,40.10608424327037,0.043617005142149834,-0.020276726137691048,0.0012454568015022554
Croatia,0,0,0,0,0,8.8732,8.6051,8.9021,9.563799999999999,8.7729,9.2758,11.1727,10.2484,11.461500000000001,12.9794,11.2812,12.8085,12.7724,13.2521,13.989700000000001,13.1615,13.047,12.7077,12.8905,13.449661,14.90256,11.372169,10.754956,14.053265,13.552842,11.402376,12.819812,11.9835,13.6317,12.760299999999999,13.385299999999999,15.2104,14.2205,17.5413,15.3604,14.530295171661418,-0.05145020966062186,0.024537615239498045,0.0004512246780217062
Cyprus,1.319,1.423,1.5010000000000001,1.647,1.831,1.974,2.077,2.43,2.59,2.685,2.497,2.609,2.728,2.991,3.1390000000000002,3.37,3.551,3.785,4.0520000000000005,4.2010000000000005,4.377,4.652,4.871,5.079,5.215,5.322,4.929,4.7170000000000005,4.29,4.352,4.534590000000001,4.88801,5.00437,5.0488800000000005,5.141491,4.849201,5.119423,5.267931,5.329087,5.763191,5.890851946727543,0.024951501196045056,0.026511946866725422,0.00018293487789014718
Czech Republic,58.121,60.606,62.196,64.334,65.131,62.559000000000005,60.528,59.293,58.881,58.705,60.847,64.257,64.598,65.112452,64.694232,73.46491800000001,74.647397,76.347477,83.226141,84.333903,82.578571,84.359019,88.19909600000001,83.645492,82.185712,85.903,87.477,87.418,86.913,86.01349351019998,83.89375837130005,83.30563248200002,87.04128794699996,88.00237999999999,86.99123651599999,81.50301441720389,84.99880604613057,84.7016262923183,76.9434605586084,73.88177521826796,76.25039768336647,0.034887191822560615,-0.009507374998770524,0.002367884529338852
Denmark,29.143044444444445,30.783088888888887,29.48931111111111,28.0695,22.93352222222222,25.97718888888889,36.540499999999994,30.73337777777778,33.96900277777778,40.19660555555556,36.663050000000005,53.577580555555556,44.31163611111111,41.110688888888895,38.91459444444445,36.04884166666667,37.72620833333334,39.28264444444444,46.17945833333333,40.43985,36.24135,45.602291666666666,39.315469444444446,36.616147222222224,36.384475,38.86278888888889,35.22922777777778,30.701933333333336,34.74216666666666,32.18255,28.934333333333335,30.535544444444444,31.02254722222222,30.370174,29.516955000000003,28.728658,33.050615,35.332288,34.068992,35.317578000000005,33.96872461940761,-0.0355570356957976,0.01617048396055032,0.0010548668590775522
Estonia,17.827,17.951,17.900000000000002,17.627,17.611,17.181,14.627,11.829,9.118,9.152000000000001,8.693,9.103,9.218,8.521,8.265,8.51,8.481,8.524000000000001,10.158,10.302,10.201,9.729000000000001,12.188,10.579,8.777000000000001,12.962,12.892,11.966000000000001,13.274000000000001,12.43,10.417,12.17,13.16,12.364,7.615,6.079,7.204459,8.936849,5.745043,6.367833,6.539657530089701,0.0297968555449164,-0.04548834836367621,0.0002030829262947138
Finland,49.394,48.948,53.016,53.491,53.359,54.377455000000005,57.98552,57.724593999999996,61.078672,65.630751,64.034837,69.37298200000001,69.176208,70.167292,69.457417,69.97490300000001,74.487387,74.957177,84.32735000000001,85.84537200000001,70.583575,82.312332,81.246346,77.43334,72.070997,80.672761,73.502395,70.409766,71.258443,68.093524,68.598087,68.757176,67.524666,70.263128,68.650852,69.267072,72.120231,72.186834,81.540775,83.152987,83.02367267125787,0.001180327871630471,0.019269417388729115,0.0025782222265058334
France,344.4654209,362.99550150000005,378.4863311,392.0872209,404.8500230000001,420.75100000000003,455.555,463.639,472.707,476.868,494.274,513.398,504.77000000000004,511.276,525.806,539.9540000000001,549.5310000000001,559.064,566.838,574.054,576.062,574.869,569.768,573.807112,535.925197,569.288113,566.0948467141095,565.5484761974558,575.6713987449216,565.2186671249739,572.1225398751928,556.6908186396986,553.8113194212141,574.7914618099874,563.3110458150104,524.8522870587557,547.7097069094625,467.1939316429116,516.5802450111203,562.0324997920793,571.7644180809245,0.0201027452163014,-6.261293422960001e-05,0.01775560732971221
Germany,522.534,523.557,532.442,549.492,559.873,549.9,540.2220000000001,538.1657000000001,527.118,528.4692,536.8209999999999,552.669,552.324,557.2170000000001,556.3010000000002,576.5500000000001,586.3805,586.6850000000001,609.0585804441367,617.7748173659018,622.8247944014648,639.9258689747643,641.4119859107414,641.6112476810545,596.7338456703012,633.8354413898104,614.1567646084158,630.6865805192901,639.394738122409,628.4069068908609,648.9431816391922,651.1470842661263,654.3222731416434,643.5013842680459,610.2512643300769,576.8082037557742,592.8470293391686,578.8867486259386,511.26496783310967,503.1787770050205,507.5287432184161,0.011408382434193953,-0.024279573549834454,0.015760828740226183
Greece,27.740000000000002,28.237000000000002,30.272000000000002,33.394,34.456,35.003,35.815,37.411,38.396,40.624,41.552,42.567,43.506,46.329,49.632,53.843,53.704,54.608000000000004,58.471000000000004,59.345781,60.020138,60.789713000000006,63.496842,63.74988,61.340348,57.404917000000005,59.43657100000001,60.959086000000006,57.152533000000005,50.47329,51.874401,54.437934999999996,55.266089,53.26278500000001,48.625991000000006,48.251884,54.715129000000005,52.670055,49.916633000000004,57.924399,57.573770799742135,-0.0033300620331409014,0.01047868734673374,0.0017878994118629944
Hungary,26.794,28.044,29.749000000000002,29.233,29.596,28.436,29.963,31.685000000000002,32.915,33.515,34.018,35.09,35.397,37.19,37.832,35.191,36.415,36.157000000000004,34.145,33.708,35.756,35.859,39.96,40.025,35.908,37.371,36.019,34.635,30.294,29.403000000000002,30.36,31.902,32.915,32.067,34.291000000000004,34.93,36.1203,35.80176,35.545822,37.987362000000005,39.339696999999994,0.03843686202218555,0.02624941919135182,0.0012216573650146154
Iceland,3.8374099999999998,4.057842,4.152033,4.415945,4.475226,4.447226,4.425218,4.53892,4.721272,4.772761000000001,4.975857,5.111637,5.5795259999999995,6.274405,7.183988,7.677885000000001,8.027066,8.409572,8.49341934,8.620090124,8.681113926999998,9.924843022000001,11.975738967000002,16.467751844000002,16.835361662,17.059093363000002,17.210413408,17.548908358000002,18.116099021000004,18.122205182000002,18.798570390000002,18.548768464000005,19.238533145,19.828868,19.48883512,19.12730167900001,19.614,20.120517,20.243650000000002,19.605866000000002,18.804543000000002,-0.03824384518947499,3.176707659258149e-05,0.0005839574324043228
Ireland,12.088000000000001,12.652000000000001,13.064,13.228,13.833,14.500609640000002,15.135723940000002,15.99887928,16.38194822,17.088075299999996,17.84221102,19.1584479,19.95659154,21.154807180000002,22.0139618,23.98231604,24.96049208,25.199535100000002,25.239542299999997,25.59760674,25.983228139359994,27.504400279358762,28.73939,30.287014,28.371284,28.399979,27.236742,27.421424,25.995733,26.170667,28.497776,30.613039,30.997238000000003,31.278041,31.121551,32.459798,32.028121,34.045218,31.852979,31.492653999999998,32.030222918780105,0.01985615293566645,0.011753928269015335,0.0009946685082955179
Italy,185.74,192.33,201.372,203.561,210.75,216.6,221.816,226.254,222.802,231.81300000000002,241.489,244.433,251.473,259.8,265.66700000000003,276.641635,279.00865600000003,285.276011,293.884765,303.347006,303.6999,314.121963,313.887349,319.130538,292.639678,302.0622,302.5699,299.27590000000004,289.8032,279.8285,282.994,289.76820000000004,295.83,289.70840000000004,293.8532,280.531,289.0695,283.95300000000003,264.7081,270.9631,276.46902056934243,0.023115213624162356,-0.00232997365373222,0.008585485932362785
Latvia,4.961,5.184,5.937,5.11,5.801,6.648000000000001,5.644,3.834,3.924,4.44,3.979,3.126,4.506,5.797,4.11,4.136,4.28,3.975,3.975,4.689,4.906,4.891,4.771,5.274,5.569,6.627,6.094,6.167,6.2090000000000005,5.141,5.533,6.425,7.531189,6.724875,6.438385,5.724845999999999,5.846221,5.030972,6.387576,6.32162,6.28298053476529,-0.0033892926075884677,0.012792564793350225,0.00019511206312899373
Lithuania,20.962,22.416,22.755,26,29.158,28.405,29.363,18.707,14.105,9.998,13.84,16.789,14.861,17.63,13.535,11.425,14.737,17.721,19.488,19.274,14.7843,12.4819,14.007,14.01,15.357600000000001,5.748600000000001,4.8216,5.0424,4.7615,4.3969,4.9329,4.2657,4.1872,3.5111,3.9716,5.5175,5.078600000000001,4.7828,5.9786,8.091899999999999,10.011911454808175,0.24066552344998193,0.07335026748295004,0.000310910512773919
Luxembourg,0.9390450000000001,1.020386,1.036332,1.333588,1.3803150000000002,1.377,1.415,1.198,1.067,1.147,1.23,1.256,1.26,1.295517,1.022008,1.166291,1.621117,3.698743,3.621422,4.132149999999999,4.129123,4.333512,4.001358000000001,3.557091,3.878379,4.591276,3.7162930000000003,3.816973,2.8891280000000004,2.9649810000000003,2.76608,2.19758,2.235141,2.199688,1.908422,2.234264,2.210988,2.268848,2.54542,2.74234,2.0604408616284577,-0.2465974660016722,-0.029021660646218805,6.398505697147251e-05
Netherlands,62.975,67.17,68.44800000000001,69.654,73.081,71.892,74.282,77.231,76.992,79.677,81.063,85.23400000000001,86.659,92.00627300000001,87.617304,90.18057700000001,94.07242600000001,95.08289200000002,98.140305,102.144798,100.76871000000001,98.834621,105.164161,108.20277800000001,113.502778,118.13888899999999,112.965935,102.505526,100.875336,103.417851,110.213427,115.158408,117.167739,114.37971300000001,121.411247,123.27813,122.170454,121.57489,121.640674,123.843943,135.052,0.09348912994034797,0.020532056998449733,0.004193913096482514
North Macedonia,0,0,0,0,0,5.758,5.7700000000000005,6.065,5.18,5.939,6.132000000000001,6.641,6.7330000000000005,7.048,6.863,6.811,6.362,6.091,6.738,6.667,6.942,7.006,6.498,6.311,6.828,7.26,6.759,6.2620000000000005,6.0940710000000005,5.373693,5.6461440000000005,5.629506,5.6002160000000005,5.60717,5.869769775000001,5.347098196999999,5.531507894000001,5.942457999999999,6.890183,6.304517,7.252966820560964,0.1535916173332712,0.02536000647072645,0.00022523407677860208
Norway,103.292,97.284,104.283,110.019,119.197,121.848,111.009,117.506,120.095,113.21300000000001,123.011,104.712,111.42,117.002,122.834,143.173,121.98400000000001,130.748,107.32900000000001,110.647,138.005,121.538,137.16400000000002,142.108,131.773,123.663,127.652,147.828,134.074,141.97,144.547,149.086,149.616,147.082,134.89000000000001,155.196,157.92118900000003,146.730944,154.89506899999998,158.54234,163.02014347947562,0.03106068706666254,0.012099519909495093,0.005062437540569791
Poland,137.714,140.294,145.833,144.34,145.464,136.311,134.714,132.75,133.867,135.347,139.006,143.173,142.79,142.78900000000002,142.12800000000001,145.184,145.616,144.126,151.631,154.159,156.936,161.742,159.348,155.3054,151.72,157.65800000000002,163.548,162.139,164.55700000000002,159.058,164.94400000000002,166.63400000000001,170.465,170.03900000000002,163.98850099999999,158.042741,179.631509,179.74812100000003,167.36201000000003,172.452808,179.18073022276403,0.041859732043118436,0.008313258828393177,0.005564289393111915
Portugal,18.900000000000002,20.355,20.135,22.489,25.808,28.5,29.871000000000002,30.087,31.205000000000002,31.381,33.264,34.52,34.207,38.984,43.287,43.764,46.509,46.107,46.852000000000004,45.105000000000004,46.575,49.041000000000004,47.253,45.969,50.207,54.093,52.465,46.613,51.671630797000006,52.80212783900001,52.420866448000005,60.278,59.433,59.640010000000004,53.155,53.079,50.981,48.808,49.043,51.09,55.15626534022874,0.08254802105999981,0.005099520314945094,0.0017128260489548464
Romania,71.818,75.47800000000001,74.07900000000001,75.322,75.851,64.309,56.803000000000004,54.195,55.476,55.136,59.266,61.35,57.148,53.496,50.71,51.934000000000005,53.866,54.738,55.14,56.499,59.413000000000004,62.696,61.673,64.956,58.016,60.979,62.216,59.047000000000004,58.888,63.2847,66.296,65.103,64.296,64.785911,59.512508000000004,55.811935999999996,59.333898000000005,55.900161000000004,57.983000000000004,53.36249501369864,51.92137941489362,-0.024340414441083147,-0.024143656405085645,0.0016123697028963657
Slovakia,22.506,24.168,23.629,23.039,24.07,26.132,24.747,23.627,24.442,25.712,26.774,25.76,25.347,26.032,28.407,31.158,32.046,32.427,31.178,30.567,31.455000000000002,31.418,28.056,28.962,26.155,27.858,28.656000000000002,28.664,28.832,27.401,26.903000000000002,27.064,27.738,26.971,28.434,28.838,30.016000000000002,26.838,29.903000000000002,30.07,29.59492769975838,-0.013102437863107719,0.009582135543520609,0.0009190427011037956
Slovenia,0,0,0,0,0,12.399000000000001,12.744,12.344,11.946,12.895,12.913,12.737,13.178,13.705,13.261000000000001,13.624,14.466000000000001,14.6,13.821,15.272,15.117,15.115,15.043000000000001,16.398,16.403,16.44,16.059,15.736,16.103,17.437,15.1,16.5,16.326225,16.326935,16.099564,17.190698,15.876922,13.615509,15.876412,16.988169000000003,15.04718393618166,-0.11182840848530251,-0.00035032702204840227,0.00046727617343788745
Spain,126.5619468,128.5366308,132.6654516,138.75904740000001,147.05451660606062,151.92000000000002,155.797,158.718,156.798,161.848,167.085,174.453,190.39600000000002,195.209,208.451,224.472,236.043,244.963,260.72700000000003,280.007,294.077,299.454,305.052,313.758,296.30188802842883,300.4309460528766,291.7586963790894,297.55692891361343,285.25762508808515,278.7501245269591,281.01976436102154,274.63007297833207,275.63169507000003,274.452,267.50080554,263.3729547542341,274.312,292.454,285.880753,287.89251399999995,301.4768908725681,0.05005458723789702,0.0070515824804882055,0.00936208187155535
Sweden,137.14000000000001,138.651,146.571,146.23,143.091,146.508,147.38400000000001,146.445,145.812,143.038,148.35,140.633,149.407,159.00300000000001,155.159,145.584,161.615,146.732,135.435,152.454,159.06,143.3,148.742,149.65,136.681,148.255,151.163,166.302,153.155,153.662,162.058,156.131,164.25,163.38400000000001,168.423,163.817,171.779,173.142,166.078,172.352,170.08563858547768,-0.010445909322799873,0.004846483467467744,0.005281849859218868
Switzerland,56.33812333864965,57.410493354598614,59.733854864433816,60.53575491759702,54.610771398192455,56.01542743221691,58.061845826687936,59.5179197235513,61.55561297182351,66.13423976608188,62.86267091972355,57.32834821903243,62.90208612440192,63.28794045720362,68.61731525784158,67.32943859649124,72.24508931419459,66.93602870813397,67.18492078681552,65.39224348750665,59.48184635832004,63.86112174375332,67.7299303561935,68.74175225943647,68.26479532163744,68.00486177565125,64.82462679425838,70.0224066985646,70.40071717171718,71.95194524189263,67.86974322169058,63.31492929292929,63.29962679425838,67.619748,71.918723,70.331,64.958,64.52,72.744,81.054,67.723,-0.16218147820276074,-0.00021642367513452498,0.002103074198331645
Türkiye,34.218900000000005,39.6948,44.352900000000005,48.04880000000001,52.0432,57.543,60.246300000000005,67.3422,73.8075,78.32169999999999,86.2474,94.8617,103.2958,111.02239999999999,116.4399,124.92160000000001,122.72470000000001,129.3995,140.5805,150.6983,161.9562,176.2998,191.55812940900003,198.42,194.812934,211.21013,229.39792153846153,239.50105778714433,240.1607346153846,251.96277500000002,261.78335721700006,274.40770000000003,297.27750000000003,304.80190000000005,303.89756042480025,306.7030924444176,334.7231119286995,328.3793415166019,331.1488951358287,354.5702123648888,369.38734868278385,0.044643221283864554,0.03503252754543307,0.011470977396230195
Ukraine,272,272.7,281.5,297.2,295.3,298.835,278.683,252.524,229.906,202.922,194.018,182.986,178.002,172.822,172.12,171.445,172.972,173.734,180.36,182.165,186.055,193.381,196.251,192.586,173.619,188.828,194.9468,198.8777,194.3773,182.8154,163.6823,164.5729,156.0323,159.8528,154.141,147.8014,156.452,111.50450000000001,103.93987753303966,98.53500390132159,98.6335389052229,0.0037424657534246286,-0.04939019460091032,0.00306297197055232
United Kingdom,298.089,301.071,302.112,308.825,314.585,319.73900000000003,322.875,321.043,323.10200000000003,326.558,337.42400000000004,350.867,350.66700000000003,362.701,368.151,377.0679380328614,384.7786719908172,387.24631465201475,398.20912310146946,393.9297583155788,398.361132705616,397.282323570934,396.82994977026857,388.9180979407209,376.75380240151355,382.0682499709226,367.98182107032085,363.87299689914937,358.2837378255861,338.09592394138895,338.8753286570099,339.164262,338.19732600000003,333.75210000000004,327.1735,310.2962,307.8807,324.8208000000001,294.0786,286.25289999999995,290.561,0.017830937378264577,-0.015264177276485658,0.009023099126462812
Other Europe,93.76181234210527,99.07997670526314,101.3340884368421,103.93325279999999,104.5295224263158,74.52947626315789,72.5767705263158,59.70994252631578,53.80961026315789,56.82916689473685,56.804152007517885,61.459584383456814,64.47032816127894,65.6241766902579,61.9467273290579,63.37613313833545,63.10890957097422,62.57772230658658,65.96867502126348,70.54048532036838,73.66825292564009,74.96612745250468,71.52212912551661,77.57719795321638,80.37343111284423,87.2083115597023,81.59332373482191,79.34395845146952,90.13936732656089,80.15001119031047,85.24038785480064,88.9827612696438,82.92948610955591,92.46197601041176,87.55415666619956,87.12309679081929,94.81661887898842,89.79716792924347,97.5636364800897,92.65910202246806,89.05561174424209,-0.0362565816796917,0.004388166758198864,0.002765538432673629
Total Europe,2883.8757028252,2946.5707192487507,3044.572302112387,3129.937109017597,3190.7560966527917,3211.6085832242643,3229.3492316295265,3190.268458291273,3174.6036688606023,3192.4144816043745,3278.8746716472424,3354.3514017580446,3389.4454254179923,3466.6285071821503,3510.247893831344,3619.4124869248053,3685.0586175396497,3719.2505945203125,3811.067077166992,3895.8400543533567,3958.734860834841,4015.1433288579824,4064.587824551166,4088.187345246311,3895.287366334526,4065.5167736062162,4022.03446871706,4054.4058084502417,4023.435325612864,3940.5659029331764,3985.6436031519884,4024.527412914327,4063.8866736184486,4068.205759683395,4000.061657598887,3883.242030602405,4048.2638789964503,3904.799413007015,3820.0914145517954,3904.252993317745,3956.0212551979757,0.016035507018932194,-0.0007457237088757118,0.12285052684993918
,,,,,,,,,,,,,,,,,,,,,,,,,,,,,,,,,,,,,,,,,,,,
Azerbaijan,20.702,21.542,22.909,23.572,23.3,23.152,23.4495,19.7626,19.051000000000002,17.571,17.044,17.085,16.836000000000002,17.995,18.176000000000002,18.7,18.969,18.701,21.286,21.744,22.872,24.543,21.847,21.642,18.869,18.709500000000002,20.2938,22.9881,23.354,24.727700000000002,24.6876,24.952900000000003,24.3209,25.229200000000002,26.0729,25.8391,27.8878,29.0398,29.3059,28.39614,28.657799999999998,0.011979604289454437,0.01502420186656428,0.0008899410800016038
Belarus,33.175,36.282000000000004,37.453,38.15,38.489000000000004,39.526,38.735,37.595,33.369,31.397000000000002,24.918,23.728,26.057000000000002,23.492,26.516000000000002,26.101,25.063,26.456,26.627,31.211000000000002,30.961000000000002,31.811,31.829,35.054,30.405,34.89,32.203,30.794,31.495,34.737,34.232,33.572,34.522,38.927,40.451,38.685,41.24,39.71749598715891,41.81668906602824,43.90752351932966,43.77539439762797,-0.0002777777777778212,0.02489595576462822,0.001359403784230513
Kazakhstan,81.263,85.09400000000001,88.49,88.417,89.657,87.379,85.99,83.166,77.889,66.777,66.739,58.747,52,49.800000000000004,47.300000000000004,51.6350914,55.3840027,58.3305501,63.8663626,66.9423699,67.9197296,71.66846050000001,76.6209469,80.3477922,78.72913190000001,82.6464953,86.5855045,90.61389420000002,92.61572009999999,94.64324290000002,91.6451167,94.642384,103.1279558,107.26880779999999,106.483161,108.6284069,115.07921110000001,113.4531695,113.5854688,118.66993790000001,124.37095484246609,0.050912298358085195,0.03100545708785929,0.003862223264637724
Russian Federation,962,1001.4,1047.3,1065.5,1076.5,1082.2,1068.1633000000002,1008.45,956.587,875.914,860.027,847.183,834.131,827.158,846.225,877.764,891.284,891.2860000000001,916.2860000000001,931.9,954.1,992.1000000000001,1018.7000000000002,1040,993.1000000000001,1038.0327,1054.8575,1069.2893,1059.0855,1064.1965,1067.5432990000002,1090.9702240000001,1091.184,1109.1977900000002,1118.14323,1085.41873,1157.08583,1166.93525,1178.24898,1209.320267,1194.436751,-0.009601332965343823,0.011294780745885191,0.03709211217115573
Turkmenistan,10.987,12.396,13.267,12.891,14.508000000000001,14.61,14.9535,13.1828,12.6368,10.52,9.905,10.13,9.498,9.416,8.86,9.943,10.614,10.707,10.92,11.98,12.819,13.65,14.88,15,16,16.7,17.2,17.8,18.900000000000002,20.1,21.5,22.6,22.8,24.2,22.5,25.7625,28.400000000000002,32.6,33.480199999999996,33.509051564736076,34.08846070853237,0.020078222313561378,0.04716927980265129,0.0010585851509377388
Uzbekistan,47.939,52.171,54.755,50.59,55.874,56.325,54.165,50.911,49.149,47.800000000000004,47.453,45.419000000000004,46.054,45.9,45.372,46.864000000000004,47.961,49.31,48.7139,49.677600000000005,47.6272,49.374,49.0329,50.1784,50.0631,51.935,52.772,52.9641,54.9,55.4,57.28,59.1,60.82,62.8966,63.5316,66.5007,71.36460000000001,74.2693,78.0054,82.7397,86.02252380922602,0.04252495424383396,0.04150393967696164,0.0026713487337913684
Other CIS,57.652,56.956,57.663000000000004,65.177,59.311,60.461,57.869,52.571,47.096,45.21000000000001,42.239000000000004,44.293,40.763000000000005,39.51800000000001,41.694,40.692,39.8,38.478,41.998000000000005,43.496,44.2842,43.491,44.1278,39.728100000000005,39.0694,41.069,44.5952,45.959,43.3245,44.131,43.998900000000006,43.4841,46.2716,48.6376,49.1698,49.143777799999995,50.1503441,49.802237,50.970754,52.763722,52.98010635215914,0.006851967881766008,0.018748777695194452,0.0016452474741829566
Total CIS,1213.718,1265.841,1321.8370000000002,1344.2969999999998,1357.6390000000001,1363.653,1343.3253000000002,1265.6384,1195.7777999999998,1095.1889999999999,1068.325,1046.585,1025.339,1013.2790000000001,1034.143,1071.6990914,1089.0750027,1093.2685501,1129.6972626000002,1156.9509699,1180.5831296000001,1226.6374605000003,1257.0376469000003,1281.9502922,1226.2356319000003,1283.9826953,1308.5070045,1330.4083942,1323.6747201,1337.9354429000002,1340.8869157000001,1369.3216080000002,1383.0464557999996,1416.3569978000003,1426.3516909999998,1399.9782147,1491.2077852000002,1505.8172524871588,1525.4133918660284,1569.3063419840657,1564.3319911100114,-0.00043873511761216566,0.015532150968611269,0.04857886165893763
,,,,,,,,,,,,,,,,,,,,,,,,,,,,,,,,,,,,,,,,,,,,
Iran,38.915,42.186,45.062,46.97,51.431000000000004,57.655,62.814,67.178,74.686,81.004,84.35300000000001,89.74,96.983,102.385,110.08800000000001,119.348,127.60300000000001,138.225,151.645,162.755,177.077,193.43,203.131,210.48000000000002,221.80700000000002,235.681,235.588,248.756,258.85200000000003,275.628,280.238,286.14300000000003,305.164,312.35,318.885,337.219,356.41200000000003,367.07300000000004,382.01790204108266,395.78569235585,398.6803364561505,0.010073428806810503,0.03588078952463114,0.012380643636329005
Iraq,20.973,22.287,22.51,23.45,23.86,28.373178,13.359352999999999,21.912236,27.089582,26.663286,26.497928,25.981338,26.692943,26.743561000000003,24.720878000000003,27.19228,31.724815,35.41740600000001,26.605591,30.696344,28.343179,30.591112000000003,32.347414,35.305087,41.293343,41.702884,42.221572,47.76809,62.108841999999996,71.172908,75.32353499999999,86.31705099999999,93.573771,99.00342900000001,115.211044,116.79408063013699,118.052773,131.308207,147.06918600000003,144.55661141396627,159.4259645978158,0.10588333870575428,0.07786119293939242,0.004950823688994886
Israel,15.4314,16.034200000000002,17.677,19.3525,20.4533,20.8976,21.5141,24.6862,25.9997,28.3157,30.437,32.5694,35.111000000000004,37.976400000000005,39.2275,42.9575,43.8382,45.4279,47.0476,48.4711,49.833400000000005,51.8112,55.1071,55.8315,55.3072,58.486000000000004,59.276700000000005,62.96549999999999,61.358900000000006,61.3303,64.3307,67.3643,67.7115,69.2799,72.37710000000001,72.7603,73.78810000000001,75.9845,76.634,80.38616183734504,83.34718128125303,0.0396755836188305,0.026236043727277947,0.002588268482735164
Kuwait,15.417,16.935,18.092,19.599,21.085,18.477,10.78,16.885,20.178,22.802,23.724,25.475,26.724,29.984,31.576,32.323,34.299,36.362,39.802,41.256,43.734,47.607,48.753,51.749,53.218,57.083,57.489000000000004,61.119,60.9822,65.14330000000001,68.29310000000001,70.133814,72.84121400000001,74.16217000000003,75.140542,74.82570197808222,80.781,83.544,88.017474,89.499605,87.073507,-0.02444190057124107,0.02459190652740806,0.0027039860302991584
Oman,2.888,3.617,3.884,4.408,4.707,4.501,4.625,5.113,5.833,6.198,6.5,6.8020000000000005,7.3180000000000005,8.2,8.413,9.111,9.737,10.331,10.714,11.499,12.648,13.585,14.443,16.048000000000002,18.4453,19.8187,21.870900000000002,25.017303000000002,26.240023,29.137095000000002,32.75802,34.2277,36.126,37.714,38.834,38.322,40.992274,42.51062056773063,44.966,49.132,51.612300000000005,0.05336040791426844,0.04651042000396122,0.0016027715317772746
Qatar,3.964,4.3180000000000005,4.386,4.614,4.646,4.8420000000000005,4.6690000000000005,5.183,5.5600000000000005,5.8500000000000005,6.013,6.615,6.91,8.166,8.939,9.134,9.951,10.94,12.012,13.233,14.396,15.325000000000001,19.462,21.616,24.158,28.144000000000002,30.731,34.788000000000004,34.668,38.693,41.499300000000005,42.307,45.555,47.913000000000004,49.873,49.259,51.641,54.623000000000005,56.300000000000004,58.72443681166783,62.526146160975124,0.06765520582307172,0.04184254641021656,0.001941690780270514
Saudi Arabia,51.654002630612986,55.684684547758216,65.00028621595652,70.09106991465457,75.72979095749017,79.88045573923428,84.99571265049852,93.47317729536415,102.66853564598502,106.04595385502262,109.92802536517088,112.16712229183555,119.10447093268016,126.16767866628155,130.9993761190688,138.68348321319314,146.09321173726448,154.90595933869218,166.58758916524172,173.40466164636763,191.05495591246506,196.3114419188385,204.4337426951941,204.20060900000001,217.306609,248.77351000000002,259.15266,281.62719,294.72806,328.20245,350.64064,357.65966000000003,394.99196,374.78261000000003,378.53632240919995,380.89397670899,392.94357328650057,409.8388368949192,433.23900000000003,458.41253295032016,471.4249345909561,0.031203284761520678,0.030042228816692607,0.014639658851327071
United Arab Emirates,12.185,12.815,13.658,14.84,15.612,17.081,17.222,18.689,21.73,23.736,24.982,26.572,28.464000000000002,33.392,37.126,39.944,43.172000000000004,46.856,49.45,52.417,60.698,62.438,78.761,80.46300000000001,85.69800000000001,93.949,99.137,106.22200000000001,109.99542398325816,116.54490253421261,127.38302282737672,129.61298617812653,134.56869058801547,136.01427821046096,138.45405785644084,137.31036462050002,149.052872,155.4385,167.5327,179.2578,184.41095700149714,0.031565669667547924,0.037689726547685654,0.005726709176490927
Other Middle East,22.090000000000003,23.459000000000003,24.274,25.611,25.537,26.461,28.336000000000002,32.843,36.1,39.084,41.943000000000005,46.099,49.828,54.541000000000004,56.723000000000006,59.571,62.6375,68.0023,70.2954,74.3756,80.6906,86.76440000000001,91.8922,97.9736,101.1679,108.96113850000002,103.992315,105.51131199999999,99.47709700000001,97.13278700000001,93.93951700000001,93.014274,95.71234,104.7820082,109.929695,103.795581,100.91261400000002,98.27268661163141,99.83549370619104,100.70895540806859,104.48808277924446,0.04036777141264336,0.010699018057020782,0.0032447793353243375
Total Middle East,183.517402630613,197.3358845477582,214.54328621595656,228.9355699146546,243.06109095749017,258.16823373923427,248.3151656504985,285.9626132953642,319.8448176459851,339.6989398550228,354.3779533651709,372.02086029183556,397.13541393268014,427.55563966628154,447.8127541190689,478.26426321319315,509.0557267372644,546.4675653386922,574.1591801652418,608.1077056463678,658.4751349124651,697.8631539188384,748.330456695194,773.666796,818.4013519999997,892.5992325,909.459147,973.774395,1008.4105459832583,1082.9847425342125,1134.4058348273766,1166.7797851781265,1246.2444755880156,1256.001395410461,1297.240761265641,1311.1800049377093,1364.5762062865008,1418.5933510742816,1495.6117557472735,1556.463795777218,1602.9894098678922,0.03271349197885187,0.03518082819035406,0.04977933151354834
,,,,,,,,,,,,,,,,,,,,,,,,,,,,,,,,,,,,,,,,,,,,
Algeria,12.274000000000001,12.981,12.722,13.966000000000001,15.324,16.104,17.345,18.286,19.414,19.883,19.715,20.654,21.497,23.262,24.757,25.412,26.625,27.648,29.528000000000002,31.249000000000002,33.915,35.227000000000004,37.31,40.237,43.112,45.735,51.224000000000004,57.397,59.89,64.241,68.798,70.997,76.017,76.663,81.527,79.15530000000001,85.39,91.23100000000001,95.627,101.386,103.47066272189413,0.023357702144530368,0.04165557303939349,0.0032131843104217404
Egypt,30.2535,32.461,35.6545,38.7125,40.6145,41.9525,43.276,44.987,46.737,48.550000000000004,50.652,53.57,56.784,60.697,65.7305,73.319,80.7125,86.236,92.1865,98.2523193222548,104.94731541218638,111.66104985337243,119.86698044965787,128.79240990550667,134.2672326490714,144.43171977842945,149.56286705767351,162.83109221244706,165.06383740632128,171.23427891821441,181.83642717497554,188.19109872922775,193.2111642228739,199.39878038449007,200.56296643857934,198.61019257087,209.65550048875855,216.7106129032258,221.91848093841645,237.00472434017595,242.41846212629815,0.02564462785816679,0.029173227743531482,0.007528077800703671
Morocco,7.345,7.764,8.001,8.984,9.024000000000001,9.628,9.205,9.719,9.91,11.47,12.092,12.538,13.593,12.968,12.895,12.863,15.046000000000001,15.228,16.52,17.5715,19.723200000000002,20.451,20.313,20.990600000000004,21.6553,23.683400000000002,25.3556,27.6585,28.120700000000003,29.2785,30.3209786833581,30.716,31.630897,34.441907,40.148075,38.47200978475,41.024721042029995,41.155944037375484,42.20601341024201,43.713,45.88908876525135,0.05265738558586808,0.04230932184288139,0.001425042578845454
South Africa,143.491,148.241,152.373,158.141,163.359,167.226,168.316,168.09,174.70600000000002,181.69,186.655,200.092,210.362,205.374,203.012,210.67000000000002,210.1,220.57500000000002,234.229,244.60500000000002,244.922,253.798,263.479,258.291,249.55700000000002,259.601,262.538,257.919,256.137,254.76500000000001,250.466,253.138,255.485,256.411,252.653,239.547,244.412,234.91,224.54,235.834,231.095,-0.01740997063060723,-0.008017120225409013,0.007176438312884123
Eastern Africa,24.10058113509193,24.67526938449241,24.880256060991208,27.227615658273383,26.428566974260594,29.951393520063945,31.357875813349317,28.714313615507592,30.262956102485774,30.694924620193895,31.665776918229533,31.400579926867927,33.41451050296856,38.80012010020355,41.01749450162739,43.6915349914959,48.794609538091066,51.38872689150836,51.3495827454297,55.22679422833896,58.379044420234976,60.4444057061729,64.1569621288665,65.11212744300073,68.85924490523078,74.17274102574662,78.35331349945444,81.85334039182682,86.9866761953784,93.58741432820668,98.67860456522217,97.16393646897704,103.59633315514307,108.774291234859,110.8963724667307,110.79262918687492,117.1455239868824,123.4847844878124,125.74469962063948,129.89658483058628,145.53134828746067,0.12343264836786072,0.039616958836680816,0.004519339421345404
Middle Africa,9.739,10.049999999999999,10.088000000000001,10.238,11.942,10.88810000038147,10.614499999999998,11.4015,10.753,10.308000000000002,11.440000000000001,11.616,11.059000000000001,10.943000000000001,11.517000000000001,12.701018999999999,13.063742999999999,13.320379,14.055146,15.793062,16.505922,18.810749,18.86239,20.416650999999998,21.460421,22.51352,23.012677,23.741396,28.483048000000004,31.617969000000006,34.084714,34.705367,36.028377221999996,39.84739,42.0562109,43.4987305,44.073067,44.417517363,46.39676502670898,48.23862915504841,48.11153580593855,9.78277749263956e-05,0.035068177368051234,0.0014940585856441453
Western Africa,18.222020130339605,20.251501981085973,21.438769199218584,22.192451642363622,23.778657472190186,24.345024397950727,25.41621091900517,26.628327844215836,26.530572371170642,27.53577491788634,28.665120605566283,30.09524124974043,31.120616666518004,29.116808488276874,31.99620706386985,32.035884990905764,34.04030894602966,40.37742666350675,37.64650732654695,42.71474785601174,43.18093145380534,44.57421404772323,43.469422021684956,43.50067887058408,42.62299062479298,50.85881046893806,52.73352696000002,55.32239677195468,60.318817188000004,64.03378338493003,64.334305125,69.17218958800001,71.52185927299999,74.229154206,82.04296391020704,87.76678377134775,94.90465347216288,95.78300147033066,101.4607449857968,103.65504444268409,111.72813247534394,0.08083728631102272,0.0567493576502518,0.003469612282927156
Other Northern Africa,11.392736842105263,11.405894736842106,12.5,13.330052631578948,13.591105263157894,16.06421052631579,16.57421052631579,17.33221052631579,18.05021052631579,18.821210526315788,19.170315789473683,20.099315789473685,21.189315789473685,22.699315789473683,24.48821052631579,26.17621052631579,27.58721052631579,29.372,30.233318000000004,32.219113,35.332907999999996,37.814703,39.973498,43.029293,45.625088,48.929883000000004,42.495678,52.335791,56.296791,56.942791,57.210791,51.273791,53.870923999999995,55.181788,56.71195999999999,51.06105387404016,56.671949,56.53035,55.025929999999995,55.1798345251739,56.79400373361874,0.03207275327849213,-0.0007309109898021582,0.001763684477535323
Other Southern Africa,2.168,2.2800000000000002,2.6020000000000003,2.5040000000000004,2.586,2.617,2.7430000000000003,2.713,2.71,2.3810000000000002,2.6369999999999996,2.0749999999999997,1.859,2.5985000000000005,3.1789,3.3883,3.2193,3.4256,3.2862,3.1115,3.5085,3.3525800000000006,3.2406800000000002,3.1337,2.964118,2.830902,2.892014,3.474313,4.143899,4.973816000000001,5.017283905376971,4.67841860901107,5.658612803982013,5.046005049,4.483359183999999,4.89453272,4.676811042000001,5.477293702,6.053376788956831,6.995965,6.027468138256928,-0.13607604532117878,0.018513112821155087,0.00018717736548638162
Total Africa,258.98583810753684,270.1096661024205,280.2595252602097,295.29561993221597,306.6478297096086,318.776228444712,324.84779725867025,327.87135198603914,339.0737389999722,351.333910064396,362.6922133132695,382.1401369660821,400.87844295896025,406.45874437795413,418.5923120918131,440.25694950871736,459.1886720104365,487.5711325550151,509.0342540719766,540.7430364066055,560.4148212862266,586.1337016072686,610.6719326002093,623.5034602190915,630.1233951790952,672.7569762731141,688.1676765171279,722.5328293762288,745.4407687896996,770.6745526313509,790.7471044539327,800.0358013952163,827.0201676769989,849.993315874349,871.081907899517,853.7982324078829,897.9542260318337,909.7005039637443,918.9730107707602,961.9037822936684,991.0657020540624,0.033139664118131185,0.022837126894063697,0.030776615135793398
,,,,,,,,,,,,,,,,,,,,,,,,,,,,,,,,,,,,,,,,,,,,
Australia,123.673,129.52700000000002,135.815,143.374,151.433,155.6535,157.9635,161.4005,165.3825,170.1425,175.2245,180.127,188.9795,199.471,206.89950000000002,216.829,224.255,223.49519999999998,225.9524,229.21705,230.73954999999998,237.99095000000003,243.1848,245.37090000000003,249.90195000000003,250.96169999999995,256.30415,250.6716,249.5631,247.64734399999998,253.98442211296398,258.21868620308385,258.96705940590533,262.632006,265.90019900000004,265.162088,267.452257,272.921745,274.779995,283.920159,285.9224785640355,0.009811451325565601,0.011915205702462073,0.00887905419711259
Bangladesh,4.5280000000000005,4.8,5.587,6.541,7.115,7.732,8.27,8.894,9.206,9.784,10.806000000000001,11.474,11.858,12.882,14.450000000000001,15.812960000000002,17.425214,18.734466,19.7731,24.725394,26.486352,29.583033,31.071277,34.291444000000006,37.234364,40.860623999999994,44.316699,48.747697,54.654828206000005,57.688481672533094,62.1119080396,70.213014837017,73.69383802100002,79.72984923,84.66788940200001,84.73946113281794,94.95146164500002,100.154593385,98.89274073522002,105.96205151879495,107.15343854196,0.014014055658408742,0.056046700843241926,0.0033275494567593243
China,410.69,449.53000000000003,497.267,545.21,584.8100000000001,621.2,677.5500000000001,753.94,811.59,927.8000000000001,1007.0300000000001,1081.31,1135.55,1167,1239.3000000000002,1355.6,1480.802,1654.0000000000002,1910.575,2203.31,2500.2599999999998,2865.726,3281.5530000000003,3495.7599999999998,3714.6510000000003,4207.16,4713.019,4987.553,5431.635,5794.457,5814.573,6133.16,6604.447,7166.133,7503.428,7779.060000000001,8534.248,8848.712,9456.44,10086.880000000001,10575.25,0.051288732261237646,0.0616400201511238,0.328404462529816
China Hong Kong SAR,19.249444444444446,21.418888888888887,23.75361111111111,25.5075,27.363333333333333,28.96,31.88888888888889,35.07555555555555,35.9475,26.74083333333333,27.915555555555557,28.44,28.943055555555556,31.414444444444445,29.495833333333334,31.328611111111112,32.42916666666667,34.31166666666667,35.50611111111111,37.12861111111111,38.44833333333334,38.612500000000004,38.94777777777777,37.99027777777778,38.76777777777777,38.33266666666667,39.07338888888889,38.79666666666667,39.10333333333334,39.85005555555556,37.98561111111111,38.224444444444444,36.98891622222222,36.53371244444444,36.886604999999996,35.31926277777777,37.32501833333333,36.543885111111116,37.98166911111112,39.05309738947227,37.04984424460322,-0.04869643765551268,-0.0024912202713598397,0.0011505481370144741
India,186.3858336,202.67720139999994,223.66949020000004,241.3046202,272.44643060000004,287.7628267666394,320.45763072132127,337.1533206918919,362.1762511495495,387.9669838852853,427.14877394605514,443.20541305470925,469.15354767272726,505.0784301838384,547.3624648348896,571.3939361358995,586.0927384360359,609.650478588807,638.1310101807262,698.300975,704.5093181999999,744.4262523150684,796.2651750000002,828.4135525,878.6223717253727,936.3916184132194,1032.3320481157323,1088.4179139975222,1141.2340895336304,1258.6889491805525,1310.5597830228955,1394.9463410202573,1462.397918455231,1571.6597147633324,1611.1782925095727,1570.9757283581719,1683.312006988783,1806.1482766059846,1925.9642222549903,2036.581900038966,2055.367128947481,0.011988897538116161,0.04602787270407749,0.06382749696540967
Indonesia,16.369,18.415,20.72,24.807000000000002,28.487000000000002,33.11472,38.10263,40.28435,39.70743,45.92842,54.12053,58.86775999999999,70.69102000000001,76.69270999999999,83.97097,93.32639999999999,101.6586,108.2168,112.9754,120.15060000000001,127.5608,133.11020000000002,142.44102,149.43653999999998,156.79722,169.78624,183.41872999999998,200.34014,216.18856,228.55565,233.98198,247.91780000000003,254.65998000000005,283.77097000000003,295.44928000000004,291.82997,309.076,333.53700000000003,350.609,371.553,382.6725400628699,0.03274891598466545,0.05042364401172428,0.011883536544693154
Japan,671.953,676.363,719.085,753.7280000000001,799.769,881.5,911.303,916.787,926.1030000000001,984.493,1010.88,1029.857,1054.864,1059.663,1079.142,1099.671,1083.142,1103.0810000000001,1092.595,1121.193,1153.0620000000001,1164.348,1180.109,1183.72,1114.003,1156.023,1104.183,1106.8799405099999,1087.75954653546,1062.7288196205511,1030.1143104329549,1063.6942197616236,1076.3261695038575,1082.86063786191,1047.2905908095588,1010.7695319308825,1034.6602432002571,1040.5497303103823,1006.7218698041504,1014.9738115555973,1027.352512907724,0.014969219499137543,-0.00026842994125619857,0.03190346798705628
Malaysia,14.944,16.131,17.421,19.352,21.515,23.016000000000002,26.552,31.38110800644695,34.87734916912133,39.75420469738232,46.574500092258106,53.40937387428445,59.93525469460346,64.14126656810983,68.16969828044239,69.90527357750237,75.77568516200746,80.88,83.3,96.06,98.75,103.994,108.539,113.82300000000001,116.114,125.045,127.069,134.077,140.98501000000002,147.461,150.123,156.665,160.63400000000001,170.578,178.493,174.004,178.58,192.455,202.754,211.167,210.36980242347786,-0.0010458165974992495,0.03431688962220303,0.006532836755385058
New Zealand,28.4649788351637,29.3450734786848,29.752597430683952,31.086195569350398,31.358,32.61435176830056,33.63915426556432,33.210973678589156,34.61563138758013,35.19550839067087,36.409750512684035,36.80440982480865,37.44344755272408,37.775845123441584,37.95988408728178,39.38794135115069,39.705110217423965,40.731008879341076,40.85524472867674,42.76838184267279,42.98083624517688,43.53799378036397,43.89349657224825,43.92571616664815,43.5462072341957,44.99372329406035,44.6272992834937,44.24731786828622,43.2526586273454,44.03888187006035,44.74496380422942,44.1825995004508,44.64015899343966,44.74972416599651,45.21631556958606,44.599406826702946,44.5897806343544,44.740927850336455,44.64789736618191,45.175724498863474,45.19958388449291,0.003269319167842344,0.0010114094299498166,0.0014036306519617245
Pakistan,28.825,32.348,36.347,40.671,42.806,45.985,50.22,53.575,57.012,57.923,63.75,67.565,62.481,66.396,65.302,63.735,70.6485,74.431,76.986,82.3055,88.76422141529586,96.7200128853283,99.3809963798631,93.1883585365183,98.8277565747034,99.38471900684017,100.6214228828661,99.46126082736107,100.96799565222877,106.28797538823977,110.52761907439623,115.87569608685735,127.33981069258455,137.2486246039076,138.67076371491058,138.21048079300212,152.7931714831559,153.8322741807011,148.50478003323204,151.25584194546482,169.7476651005286,0.12532993772276568,0.043838472362987435,0.005271354409874972
Philippines,22.766000000000002,20.974,22.642,24.539,25.573,26.327,25.649,25.87,26.579,30.459,33.554,36.707,39.797000000000004,41.578,41.432,45.29,47.049,48.467436,52.940537000000006,55.95743,56.56774,56.78413,59.611788000000004,60.820985,61.934432,67.742759,69.17564999999999,72.922011,75.265842,77.260997,82.413213,90.797891,94.370341,101.06469695815481,107.54943257020633,103.27328623228414,107.769204,113.28463400000001,119.938897,129.053823,129.27449361899443,0.0044543222391868476,0.046047967392245814,0.004014498058746601
Singapore,9.876299999999999,10.5765,11.813799999999999,13.0175,14.0389,15.617600000000001,16.5966,17.5431,18.962400000000002,20.675400000000003,22.0574,23.9094,26.709400000000002,28.3748,29.52,31.665,33.061,34.6646,35.2815,36.809599999999996,38.2127,39.4804,41.1341,41.670597,41.80183050885524,45.36916456619006,46.00433400754391,46.94423186765177,47.97585269799015,49.336870008086805,50.32025702869356,51.5866,52.225300000000004,52.9046,54.1423,53.07158519867644,55.78828579334227,57.11366419126598,57.384243908239256,59.616080000000004,60.41029,0.01609830173060045,0.018443186350528773,0.0018759848531921532
South Korea,62.667201000000006,69.68059699999999,80.251348,93.10884700000001,103.623614,118.460795,131.616144,146.43928400000001,161.900951,183.365532,203.546465,225.845719,246.58747100000002,237.19740600000003,262.152146,290.44294800000006,309.885952,332.020947,347.756209,368.03355200000004,389.479512,402.988942,425.407289,442.610958,452.44746100000003,495.0283630419549,518.1678157583103,531.2018659366054,537.169275961,540.3787987172649,547.8018026731601,560.984590091265,576.412126699943,592.90462860374,586.806003805959,577.1119011619401,607.767902722756,622.5851297960049,620.954465333033,627.7842144983889,627.8351802728401,0.0028211320352733438,0.013729813212524089,0.01949683222002432
Sri Lanka,2.465,2.6517,2.7072,2.7984,2.8579000000000003,3.1498000000000004,3.3771,3.5397,3.9787,4.38672,4.80042,4.52796,5.14394,5.67539,6.28075,6.9697,6.8008999999999995,7.10429,8.12485,8.74352,8.84822,9.4979,9.90056,10.00328,9.98688,10.80074,11.599870000000001,11.897620000000002,12.029010000000001,12.86748,13.2255,14.36132,14.9837,16.2166,16.8413,16.916900000000002,17.9477,16.828500000000002,16.291876488095294,18.231007393848724,19.636496446102527,0.08004426969551126,0.040315790122141815,0.0006097929657786758
Taiwan,55.556760512000004,62.33384877300001,69.179058901,76.26122125899998,84.057801475,90.193523466,99.177527424,105.529764483,115.206014617,124.63486282500001,133.116701786,141.96245961399998,150.486408919,163.227884343,169.064533143,184.84078646700002,188.530441505,198.82888868999999,209.07238710500002,218.396631892,227.512250072,235.530125508,243.11658395100002,238.305365274,230.037159302,247.05886694400002,252.167014206,250.37342478500003,252.340814475,259.96393542,258.14188767400003,264.107656962,270.25640661799997,275.497101997,274.14119133900004,280.172269289,291.41399683100997,288.40744805,282.819502274,289.105647872,288.931446107,0.00213552119295235,0.011331729431811155,0.00897249485985975
Thailand,23.02995,24.669810000000002,28.573610000000002,32.41324,37.35338,44.11251,50.12039,57.028150000000004,63.33733,71.10243,79.73721,86.99163,92.66128,89.53300999999999,90.21529,95.52127,100.98719,108.44169000000001,115.93462,124.13266,130.42631,136.76671,142.53754,145.43735999999998,145.90669999999997,157.57502111200006,153.31550677399989,168.956182883,168.63366132727987,173.764180391,184.35,187.64000000000001,185.51,187.366,197.267,185.602,186.699,191.323,205.239,217.311,200.497,-0.07484523632344853,0.008431663858264882,0.006226246143007544
Vietnam,5.069,5.527,6.051,6.785,7.784,8.681000000000001,9.21,9.705,10.662,12.288,14.648,16.944,19.132,21.688,23.559,26.561,30.608,35.796,40.925000000000004,46.209,52.078,57.917,64.147,70.96000000000001,80.643,91.72200000000001,101.499,115.147,124.45400000000001,141.25,161.92829,179.16729,194.716992,217.184,236.88600000000002,244.44706530000002,254.98011830000002,267.29275960000007,281.99959152185244,310.63269942225145,329.0439595505418,0.0621723033806445,0.0734779281240221,0.010218151314141811
Other Asia Pacific,38.36784047768241,39.775421020202,41.9476255634933,44.55016805137209,46.62573005743269,45.61073608863635,44.62125307389898,43.32679579777778,41.82334562474746,43.39877126671717,44.34764240916161,43.76011743864645,42.288214046252534,41.542834168030296,44.8464837200303,48.30965127315151,49.7940288360303,50.03376952860607,52.70517067436363,54.62276460970706,57.21471705695958,60.71356313999999,64.78453475949055,67.82167655901009,66.54750578555233,73.74674134782434,78.24486852806672,79.56189992819098,88.40397715596905,91.11466074556127,93.58728628219724,112.18940147727244,122.93760853709365,130.62733045973025,132.56987384689353,144.5002850075714,152.41675073657422,161.5940131131158,168.43712207508068,177.20141777905334,185.60286885805772,0.05028149436526497,0.07087007617967789,0.005763722880435202
Total Asia Pacific,1724.8803088692903,1816.7440405607747,1972.5833412062882,2125.0546920797224,2289.0170894657663,2469.6913630895765,2636.3148183736735,2780.683602213261,2919.0674029479987,3176.0391663983896,3395.667449301714,3571.708242806449,3742.7045394408633,3849.332020830865,4039.122553398978,4286.5904779158145,4478.650526823166,4762.889241353421,5099.389539799878,5568.064670455493,5971.900860322766,6457.727712628759,7016.024938440378,7303.550010813955,7537.770615908457,8257.982947392755,8875.138797444903,9276.196773270283,9811.616555505236,10333.341079569407,10440.474834256203,10983.932551384276,11611.507326149278,12409.66119708821,12813.384037567686,12999.765222008828,14011.770897668568,14548.024581193904,15300.360872905185,16175.458475912703,16737.31672953071,0.03757011999354809,0.04832648593524369,0.5197616609302693
,,,,,,,,,,,,,,,,,,,,,,,,,,,,,,,,,,,,,,,,,,,,
Total World,9886.064755686175,10180.78992049387,10670.627616567983,11140.626923726717,11657.958720434019,11961.414280325302,12222.524831383753,12336.403720564187,12599.927305794161,12923.577569257199,13381.86733758041,13797.15535418776,14128.603551655526,14511.012474748904,14926.271453259487,15564.70473211909,15800.009357987838,16358.206426813174,16935.835149354363,17737.343827160283,18464.68650177023,19167.655987187834,20060.18945439007,20437.416466972343,20279.10136316816,21606.400953529628,22288.606885146546,22840.452264508418,23481.19372228446,24087.823802022594,24325.995964889284,24994.850588220426,25742.56903308336,26780.929957783123,27161.270201311425,27060.72549887661,28595.07896912103,29254.34572703547,30049.40486054086,31347.074703458657,32201.90711945599,0.03008436442588658,0.028445059581671872,1
of which: OECD,6564.139137914016,6670.728626166786,6952.484795031094,7235.737055310679,7607.38172107915,7815.3912941241715,7990.249199275471,8052.523883736488,8234.251680533347,8456.430425638271,8721.538094209782,8966.309383429525,9134.55918973421,9373.980971718827,9585.811198305835,9914.204592517102,9910.747913879644,10138.201871264455,10256.815621670194,10507.079037469863,10744.141322942376,10832.398587059906,11072.616905857825,11080.279126591482,10650.34822342116,11088.857781765939,11036.84771254387,11042.579474493836,11041.1146286734,10986.66304166234,11034.89636046254,11137.741710992826,11185.900578551067,11369.811576065285,11242.725379769576,10969.979164434506,11289.380882805392,11388.446934840616,11236.321272882318,11514.986893916443,11740.21599778252,0.022352963279398397,0.0062149898912706725,0.36458138812186147
                 Non-OECD,3321.9256177721627,3510.061294327088,3718.1428215368896,3904.8898684160467,4050.5769993548693,4146.022986201127,4232.2756321082825,4283.879836827703,4365.675625260811,4467.1471436189195,4660.329243370629,4830.845970758236,4994.044361921313,5137.031503030082,5340.4602549536585,5650.500139601995,5889.26144410819,6220.004555548727,6679.019527684159,7230.264789690398,7720.545178827861,8335.257400127926,8987.572548532253,9357.137340380837,9628.75313974699,10517.543171763675,11251.759172602668,11797.872790014571,12440.079093611053,13101.160760360239,13291.099604426749,13857.108877227614,14556.668454532293,15411.118381717826,15918.544821541866,16090.746334442121,17305.698086315624,17865.89879219485,18813.083587658504,19832.087809542223,20461.69112167347,0.0345734017742676,0.04409030040301287,0.6354186118781384
                 European Union #,2023.1204571444443,2076.1256071888893,2148.0534258111115,2197.9793563,2247.1223768282834,2273.993453528889,2317.121097276521,2303.5114760414067,2303.9266736256213,2339.2656139435544,2409.0315917199996,2492.0421321555555,2508.0616851323116,2562.5675850346893,2587.9459632444446,2659.527492157117,2734.7991806636637,2756.1604568535768,2838.4394389174454,2909.396177105902,2927.824314918264,2973.1451130687906,2987.3549469231866,2999.369545248937,2848.1950418365304,2982.3288069369405,2933.8474621711966,2933.4424412559138,2914.0407456526145,2852.368839377585,2900.5054648114874,2921.6776698877534,2953.3474635696343,2939.161677672983,2897.1879416128872,2783.4599174911677,2908.581614294762,2815.2766125611697,2740.9318104028384,2808.914929029066,2853.793792177119,0.01876079468719305,-0.0016222582927946094,0.08862188756680478
,,,,,,,,,,,,,,,,,,,,,,,,,,,,,,,,,,,,,,,,,,,,
 * Based on gross output.,,,,,,,,,,,,,,,,,,,,,,,,,,,,,,,,,,,,,,,,,,,,
 ♦ Less than 0.05%,,,,,,,,,,,,,,,,,,,,,,,,,,,,,,,,,,,,,,,,,,,,
 ^ Less than 0.05.,,,,,,,,,,,,,,,,,,,,,,,,,,,,,,,,,,,,,,,,,,,,
 # Excludes Croatia and Slovenia prior to 1990.,,,,,,,,,,,,,,,,,,,,,,,,,,,,,,,,,,,,,,,,,,,,
Notes: Annual changes and shares of total are calculated using terawatt-hours figures. Growth rates are adjusted for leap years.,,,,,,,,,,,,,,,,,,,,,,,,,,,,,,,,,,,,,,,,,,,,
,,,,,,,,,,,,,,,,,,,,,,,,,,,,,,,,,,,,,,,,,,,,
,,,,,,,,,,,,,,,,,,,,,,,,,,,,,,,,,,,,,,,,,,,,
