Renewables: Renewable power generation (excl hydro)*,,,,,,,,Contents,,,,,,,,,,,,,,,,,,,,,,,,,,,,,,,,,,,,,,,,,,,,,,,,,,,,,,,,
,,,,,,,,,,,,,,,,,,,,,,,,,,,,,,,,,,,,,,,,,,,,,,,,,,,,,,,,,,,,,,Growth rate per annum,,Share
Terawatt-hours,1965,1966,1967,1968,1969,1970,1971,1972,1973,1974,1975,1976,1977,1978,1979,1980,1981,1982,1983,1984,1985,1986,1987,1988,1989,1990,1991,1992,1993,1994,1995,1996,1997,1998,1999,2000,2001,2002,2003,2004,2005,2006,2007,2008,2009,2010,2011,2012,2013,2014,2015,2016,2017,2018,2019,2020,2021,2022,2023,2024,2025,2025,2015-25,2025
,,,,,,,,,,,,,,,,,,,,,,,,,,,,,,,,,,,,,,,,,,,,,,,,,,,,,,,,,,,,,,,,
Canada,0,0,0,0,0,0,0,0,0,0,0,0.707,1.069,1.1320000000000001,1.345,1.3,1.8980000000000001,2.1390000000000002,2.085,2.337,1.678,1.8659999999999999,2.3129999999999997,2.4859999999999998,3.4779999999999998,3.9559191919191923,3.985919191919192,4.526052632,4.878052632,5.7940526320000005,7.20070790761281,7.596409537285307,8.237166888359386,9.059358985751958,9.118411329679406,9.197463354355932,10.020728148384515,10.473840900843408,10.130083521035113,10.763789473684211,10.73986822966507,11.43211197235513,12.024356682615629,11.802480457203615,15.692708357256778,19.277305369484317,20.974073099415207,23.10611389686337,23.68004385964912,24.7325159702286,39.84852137161084,45.29769184476342,45.96792496544391,47.50488405103668,46.93538118022328,50.24127587453482,52.95978808080808,54.734333514088256,57.35744087187666,65.69762880382775,71.57822700081005,0.09249501145066152,0.06031980302236284,0.011415870684078622
Mexico,0,0,0,0,0,0,0,0,0.161,0.463,0.518,0.579,0.592,0.598,1.0190000000000001,0.915,0.964,1.296,1.353,1.424,1.641,3.394,4.418,4.633,4.675,5.126,5.835512475377544,6.369522980958635,6.504760669730794,6.2285254000069115,6.426443480664893,6.1965551543007225,5.901246224556796,6.16058603172409,6.0840013131976365,6.3846451083388045,6.2734970453053185,6.100060368399868,6.976712538701905,7.2908343359468155,8.16551914,7.542386849999998,8.506912840999997,8.170158096,8.170422040777776,9.966739026227225,10.100371408619848,11.613837511304839,12.616472433097599,15.264614593989535,17.926651404741513,19.559128541391765,19.743188623083118,23.10688,34.01281,42.77913,47.52749,47.6773,50.79630498247889,52.49379368114267,54.83855732334018,0.04752954759102246,0.11830092662317826,0.008746093681498977
US,13.332232095652646,14.06200689527286,14.07357074264804,15.546045096175943,16.22706037653718,16.23590253395494,16.58441397358133,18.672978440292397,19.98969177185428,20.40426480582133,19.754301961701323,22.564753541853655,23.536121862459233,24.67878665730967,25.756037242299385,26.65611631812324,27.37760327329065,26.405048945355972,29.810294113669265,35.607182700809915,36.40945199964598,38.720077251177365,42.67961297377268,42.404126916216306,51.24077698564593,60.646877889420516,64.01077461672078,68.14094648174127,70.43607446512935,70.3386584446096,66.97576619867787,68.63403758106347,69.67402688649226,69.19804372155645,71.52939390906374,72.75109334524501,74.21017169345147,82.84982312663247,83.24326502542405,86.9301121400648,91.33741416896791,100.76441679680872,109.76286708554585,131.10685948023348,149.86827801253258,173.68321202969088,201.90456711574262,228.3172603052482,266.2403230191412,296.77657492822965,315.80752586921847,367.4281844976076,417.72930590111645,451.622957830941,483.6654764912281,547.7097693141945,622.022114832536,717.3408566507178,733.6591245082404,828.3730842317916,926.9398358320043,0.12205407770827814,0.11368637670496828,0.14783581182668123
Total North America,13.332232095652646,14.06200689527286,14.07357074264804,15.546045096175943,16.22706037653718,16.23590253395494,16.58441397358133,18.672978440292397,20.15069177185428,20.867264805821332,20.272301961701324,23.850753541853656,25.197121862459234,26.40878665730967,28.120037242299386,28.87111631812324,30.239603273290648,29.840048945355974,33.24829411366927,39.36818270080992,39.728451999645976,43.98007725117736,49.41061297377268,49.523126916216306,59.39377698564593,69.7287970813397,73.83220628401752,79.0365220946999,81.81888776686016,82.36123647661653,80.60291758695557,82.4270022726495,83.81243999940844,84.4179887390325,86.73180655194078,88.33320180793974,90.50439688714131,99.42372439587575,100.35006108516107,104.98473594969582,110.24280153863299,119.73891561916385,130.29413660916148,151.0794980334371,173.73140841056713,202.92725642540242,232.97901162377767,263.0372117134164,302.53683931188795,336.7737054924478,373.5826986455708,432.28500488376284,483.4404194896435,522.2347218819777,564.6136676714514,640.7301751887294,722.5093929133441,819.7524901648061,841.812870362596,946.564506716762,1053.3566201561546,0.11586956959562422,0.10922300309096178,0.16799777619225884
,,,,,,,,,,,,,,,,,,,,,,,,,,,,,,,,,,,,,,,,,,,,,,,,,,,,,,,,,,,,,,,,
Argentina,0,0,0,0,0,0.05624185297637929,0.0589907403828468,0.07602739690295425,0.05997025009025901,0.061003230541860506,0.06399032308213243,0.06096254636795772,0.06400306781713878,0.06397281039215327,0.09498375746953751,0.09901762574698804,0.08701801169100098,0.11497340599597707,0.15497560915428094,0.1149884514727367,0.12000640940096803,0.12399024585055335,0.10598629348245087,0.12296129345947329,0.10600154925112033,0.13302181386516487,0.13100810119984146,0.12998592939502174,0.09599508704859146,0.09900439934269868,0.1190161244001765,0.23263864940158271,0.193350513719326,0.23945125710259713,0.29680697429785313,0.4208222957873164,0.412402250588142,0.6034322019111457,0.9586175395465596,0.9400283475996349,0.988300464042701,1.1160390115864365,1.1325533659084188,1.248074829126637,1.2258433761463772,1.4028006495720933,1.417721300930233,1.8311384963841626,1.9953374477813957,2.11826103031093,2.0953891286288178,1.7386519887968992,2.0896823587212863,2.9380965351811024,7.271315670510942,12.95452375744186,17.39383738968992,19.50315618876744,20.161747738279068,22.76806015834884,26.911374230925325,0.18521752998107877,0.29082425970778525,0.004292042161754195
Brazil,0,0,0,0,0,0.5146915000000002,0.6333952500000001,0.7165701875000001,0.7508003750000001,0.7851518,0.8671775749999999,0.864337725,1.1168454625,1.3319440750000002,1.7760194000000002,1.8055082625,1.8736228750000001,2.1784744749999994,2.9844549499999995,2.8516788875000003,3.067125588592233,3.1939324238673135,3.565697314724919,3.339783794093851,3.403162338511326,3.8590625000000003,3.9996125625,4.929360737945206,4.983937033224442,5.388223648777489,5.593740488958306,6.754709628222037,7.382950998212702,7.510233012160118,8.378002280958722,7.856363000000001,9.057307,10.331146964757709,12.000463,12.576055704810555,13.735977169946164,15.082658984288528,18.72622591999538,20.969257301833977,24.113872126241535,34.118933451935845,35.333809719859126,40.817285976413366,47.552502422401915,59.30551626029046,71.56494040305446,84.90883214777287,96.117176985405,106.31881041921892,117.56107737359113,126.54089677131188,145.04964168996344,166.77977046670986,204.18967363059483,239.7514161417535,265.44846024377387,0.11021540803687824,0.14006073848427714,0.042335852987758604
Chile,0,0,0,0,0,0,0.066,0.057,0.051000000000000004,0.046,0.051000000000000004,0.073,0.08,0.091,0.094,0.105,0.11,0.137,0.20800000000000002,0.201,0.195,0.28,0.271,0.327,0.321,0.963,1.033,1.743,1.75,1.786,1.879,1.738,1.743,1.161,1.45,1.375,1.69,1.788,1.702,2.036,1.797,1.438,2.7072000000000003,3.626344456000003,3.470696035600001,3.737803238000003,4.652021742000005,6.39190135470219,7.447838328000005,6.891706169000016,9.040877904999991,11.724319181035908,14.970817784080335,17.86386751497666,19.126712628904407,20.36899932820357,24.951837339337548,30.67873390701502,35.36016376695754,37.86099444316824,40.64726094304466,0.07653335315779963,0.16220320332817684,0.006482751725361206
Colombia,0,0,0,0,0,0,0,0,0,0,0.189,0.202,0.192,0.20600000000000002,0.216,0.227,0.212,0.231,0.234,0.255,0.267,0.266,0.268,0.274,0.274,0.274,0.269,0.34,0.389,0.444,0.47700000000000004,0.496,0.483,0.532,0.457,0.49783501369863015,0.49866875,0.49565125,0.501405,0.5269417260273973,0.56201125,0.5827074785004406,0.5570273758671577,0.5632674913525526,1.060995117674014,1.1485522393494332,1.4196596764757563,1.5309132887062111,1.4040585232067764,1.7991533138023459,1.8912775779027786,2.044691676648887,1.999330703079284,2.1742304157070724,2.19968805441656,2.2419044183826404,2.2461347666247202,2.4436707950278596,3.21472377066067,5.356135133485626,6.706958291387064,0.25563178522831276,0.13495079441767133,0.0010696795903748374
Ecuador,0,0,0,0,0,0,0,0,0,0,0,0,0,0,0,0,0,0,0,0,0,0,0,0,0,0,0,0,0,0,0,0,0,0,0,0,0,0,0,0.00324057,0.10286867292999999,0.145570603742,0.219733048,0.21103361,0.219732092266,0.23899672458799998,0.281603159999,0.299077269997,0.35615451132500003,0.495696345126,0.5426152921080001,0.612510058939,0.56988,0.546304746831,0.5782503855200001,0.58544,0.51381,0.4887699999999999,0.6054999999999999,0.75933,0.63903,-0.15612346789500253,0.01648955835414445,0.00010191763821090739
Peru,0,0,0,0,0,0,0.227,0.227,0.23,0.266,0.266,0.245,0.242,0.215,0.163,0.085,0.076,0.151,0.145,0.14200000000000002,0.169,0.154,0.136,0.136,0.145,0.136,0.133,0.133,0.109,0.11900000000000001,0.14200000000000002,0.13740000000000002,0.1546,0.1265,0.1396,0.1588,0.1642,0.1872,0.19720000000000001,0.1542,0.3492,0.3492,0.41819999999999996,0.4612,0.4612,0.6742,0.6762,0.7289,1.1581000000000001,1.7478,1.7316294744886702,1.6194225683354184,1.838065,2.790751,2.9425111111111146,3.0984041010000007,3.1973194334444486,3.3709525779695753,4.061083273950495,6.023910025246488,7.1645036740571,0.19260288104192513,0.15258540008627897,0.0011426526038108824
Trinidad & Tobago,0,0,0,0,0,0,0.035,0.035,0.029,0.025,0.023,0.019,0.023,0.029,0.029,0.026000000000000002,0.019,0.018000000000000002,0.016,0.013000000000000001,0.017,0.026000000000000002,0.031,0.027,0.026000000000000002,0.031,0.025,0.03,0.028,0.032,0.033,0.017,0.018000000000000002,0.018000000000000002,0.018000000000000002,0.020531,0.030039000000000003,0.027369,0.013902000000000001,0.025579,0.024742999999999998,0.02909,0.022285,0.023534,0.022939,0.0044080000000000005,0.0044080000000000005,0.006228,0.006228,0.006228,0.006255,0.006255,0.006255,0.006255,0.006255,0.006255,0.006255,0.006255,0.006255,0.0070584734641587,0.14658521821724307,19.82416577765571,0.37083847883465926,2.337858823111887e-05
Venezuela,0,0,0,0,0,0,0,0,0,0,0,0,0,0,0,0,0,0,0,0,0,0,0,0,0,0,0,0,0,0,0,0,0,0,0,0,0,0,0,0,0,0,0,0,0,0.00246,0.00298,0.00522,0.09363,0.18872,0.13891,0.11476,0.11689,0.041679999999999995,0.06167,0.021708047138047117,0.020903636363636322,0.01736,0.12922855612023731,0.25244136000000006,0.35398392372367504,0.4060839423966853,0.09805729805673868,5.645619997581796e-05
Central America,0,0,0,0,0,0,0.10700000000000001,0.14100000000000001,0.11700000000000002,0.15600000000000003,0.338,0.7240000000000001,0.6990000000000001,0.752,0.6420000000000001,0.6821052631578949,1.1091052631578948,1.1981052631578948,1.0261052631578949,1.2371052631578947,0.93699,0.86075,0.9105160000000001,0.8839620000000001,1.171867,1.2207556315789474,1.3350639157894737,1.8216531736842108,1.7220100210526317,1.6930572210526318,1.750838894736842,1.7620156584879052,1.9265448341578948,1.6785293609942107,2.513357517038421,2.980596943494737,3.2326993983,3.580647433936843,3.7764606195,3.9756085732999993,4.220894520707679,4.598561783740575,5.028165614915577,5.149249951883418,5.7543646326306135,6.400411439683575,6.7858759512920654,7.99138127750499,8.712834772528428,9.915924844518369,11.754404466488584,13.175460494068208,13.078802987959346,15.28007021488973,16.723651195004475,16.150924913581534,17.30291447713145,16.29871234648659,17.572328384454728,17.49458938460581,19.54851999947796,0.12046514254094354,0.052183107959447916,0.003117755017550792
Other Caribbean,0,0,0,0,0,0,0.97,0.831,0.978,0.984,1.012,1.103,1.193,1.339,1.2890000000000001,1.292,1.308,1.4060000000000001,1.515,1.2890000000000001,1.209,1.2660000000000002,1.304,1.422,1.3889999999999998,1.6038421052631582,1.367842105263158,1.47,1.0657171717171718,1.1387777777777779,0.9627777777777778,1.2355367169590643,1.193021527979798,1.0555986328888889,1.2351559098001061,1.38168013593682,1.3248306835394184,1.2517715961314007,1.0376561504139632,1.1561386167481602,0.8788976997716211,0.8932522894893049,0.9405474455392322,1.0394749338494127,1.1171417073175738,1.100666808152846,1.2582777114526282,1.7056911721425012,2.287981852287696,2.257111111382131,2.5356732107063107,2.617463943253933,2.999343447990315,3.2408376256816793,4.328028455610704,4.92528745755052,5.5137060510604865,5.8060443574003076,6.263534629037946,6.732035768721631,8.982737901628601,0.33798281112897555,0.13483192430241941,0.0014326392056735822
Other South America,0,0,0,0,0,0,0.056,0.059,0.061,0.066,0.063,0.07200000000000001,0.07400000000000001,0.056,0.079,0.08400000000000002,0.089,0.091,0.075,0.08,0.095,0.097,0.11,0.10700000000000001,0.095,0.111,0.11189473684210527,0.12384210526315789,0.13357894736842105,0.1198421052631579,0.12163157894736841,0.11957894736842106,0.11578947368421053,0.12878947368421054,0.13478947368421051,0.128396238,0.131755238,0.141453238,0.1383449601568,0.1335019601568,0.1237124024032,0.1424950189392,0.2528458058792,1.0168338271292001,1.1687285059372,1.38793065210567,1.499110201848978,1.6854548725585907,1.9207441084187018,3.054684470592217,4.989040078195183,6.102741157964658,7.100992819695499,8.245701195731842,8.404494107797708,9.565260226609585,9.522371200128807,9.427906207059667,10.024831357600148,11.420272093043994,11.152759914098047,-0.020748776421562587,0.08376853010720131,0.0017787317496489293
Total S. & Cent. America,0,0,0,0,0,0.5709333529763795,2.1533859903828474,2.1425975844029543,2.276770625090259,2.3891550305418603,2.8731678980821322,3.363300271367957,3.6838485303171393,4.083916885392154,4.383003157469538,4.405631151404882,4.883746149848896,5.5255531441538706,6.3585358223121755,6.183772602130631,6.076121997993201,6.267672669717866,6.702199608207368,6.639707087553322,6.9310308877624465,8.33168205070727,8.40542142159458,10.720841946287596,10.277238260411256,10.819905152213755,11.079004864820472,12.492879600439009,13.210257347753933,12.450101736830025,14.622712155779313,14.820024626917503,16.54190232042756,18.40667168473709,20.32604926961732,21.52729449864255,22.783605179801366,24.377575170286484,30.00478357610496,34.3082704011752,38.61551259381333,50.21716320338747,53.33166746385779,62.99319170840901,72.93540996594992,87.78080154502247,106.29101253657278,124.6651082168158,140.88723708693107,159.44660466821807,179.20365398246702,196.4596040212197,225.71873098374445,254.82133184643632,301.5890701076558,348.4262429818384,387.7021743403336,0.11577236189558926,0.13815174674120456,0.061833857468350885
,,,,,,,,,,,,,,,,,,,,,,,,,,,,,,,,,,,,,,,,,,,,,,,,,,,,,,,,,,,,,,,,
Austria,0,0,0,0,0,0,0,0,0,0,0,0,0,0,0,0,0,0,0,0,0.943327,1.287501,0.905816,1.0469600000000001,1.1044500000000002,1.1424850000000002,1.225832,1.3291639999998917,1.3621110000000032,1.211555,1.8592209999999998,1.5954439999999999,1.733389,1.889777,1.6499118188815172,1.5982793199999996,1.8448119999999995,1.7324439999999999,2.0929209999999996,3.00173,3.792438060423016,5.029945415030309,6.140548663990792,6.219363639474432,6.2977069053316646,6.652852606388974,6.6825186974785025,7.4907781526642605,8.489478731680641,9.192526396883762,10.44007097395391,11.126375472909348,12.773920774485628,12.428904361665111,13.820435739736899,13.435601937640254,13.993636,15.781999,19.483451,22.071625276,23.803898897300904,0.08143894072983882,0.08591158046473701,0.003796437030850087
Belgium,0,0,0,0,0,0,0,0,0.116,0.108,0.083,0.057,0.247,0.26,0.315,0.3,0.291,0.046,0.022,0.024,0.053,0.11900000000000001,0.14800000000000002,0.188,0.198,0.28900000000000003,0.307,0.276,0.253,0.254,0.33,0.322,0.28300000000000003,0.37,0.509,0.5840000000000001,0.634,0.778,0.945,1.1799999999999997,1.818,2.593,3.097,4.008,5.111000000000001,6.342600000000019,8.181500000000021,10.170300000000028,11.347400000000032,11.920400000000043,14.135200000000044,13.891700000000052,15.53530000000005,16.890100000000032,19.17320000000006,23.193800000000074,22.33180000000008,24.160700000000087,27.0691000000001,25.99220000000009,28.037950710191033,0.08166169133457468,0.0708889344917043,0.004471717629307707
Bulgaria,0,0,0,0,0,0,0,0,0,0,0,0,0,0,0,0,0,0,0,0,0,0,0,0,0,0,0,0,0,0,0,0,0,0,0,0,0,0,0,0.001,0.004587,0.020047000000000002,0.046862,0.137457,0.247678,0.731473,1.017694,2.065421,2.877212,2.7880200000000004,3.103357,3.166574,3.3030150000000003,4.233877,4.555085,4.645192000000001,5.489051000000001,5.836557000000001,6.978563,8.582603,9.901730993347911,0.1568587086536184,0.12302115789058998,0.00157920760690697
Croatia,0,0,0,0,0,0,0,0,0,0,0,0,0,0,0,0,0,0,0,0,0,0,0,0,0,0.011,0.01,0.006,0.019,0.006,0.009000000000000001,0.009000000000000001,0.001,0.009000000000000001,0.009000000000000001,0.001,0,0,0,0.006,0.024,0.03,0.0419,0.061,0.07426,0.172257,0.255382,0.425056,0.6542650000000001,0.9297219999999999,1.1187399999999998,1.5112130000000001,1.8083,2.0804,2.5206999999999997,2.8882000000000003,3.4002,3.4912,4.0667,4.401,5.394083765512578,0.2290075158370628,0.17035833388446453,0.0008602918136751638
Cyprus,0,0,0,0,0,0,0,0,0,0,0,0,0,0,0,0,0,0,0,0,0,0,0,0,0,0,0,0,0,0,0,0,0,0,0,0,0,0,0,0.000755,0.000921,0.001512,0.003489,0.015356,0.031356,0.07300000000000001,0.178,0.257,0.327,0.318,0.399752,0.424659,0.43522000000000005,0.46380000000000005,0.514752,0.5966480000000001,0.774756,0.883965,1.092873,1.366422,1.593657829063891,0.16949523272967104,0.1483134284895149,0.0002541693536367835
Czech Republic,0,0,0,0,0,0,0,0,0,0,0,0,0,0,0,0,0,0,0,0,0,0,0,0,0,0,0,0,0.161,0.321,0.405,0.292,0.494,0.587271,0.6767390000000001,0.52479,0.52279,0.505407,0.494489,0.723371,0.7530689999999999,0.9677120000000001,1.322111,1.7066770000000002,2.225338,3.1136820000000003,5.282496,5.936146999999999,6.573879000000001,7.267314493200004,7.6319364312999864,7.397742762799995,7.7525225521999905,7.777102664399991,8.018442070400004,8.199812801047585,8.221068953340863,8.534722972627312,8.786720422380663,9.692317164522777,10.793315484600322,0.11664589883324172,0.03526614656655003,0.0017214046643438967
Denmark,0,0,0,0,0,0,0,0,0,0,0,0,0,0.003,0.006,0.010499999999999999,0.010499999999999999,0.018499999999999996,0.0601,0.0662,0.0874,0.17660000000000003,0.23479999999999998,0.37170000000000003,0.5544,0.8203,1.0951,1.4364,1.7622,1.7103997093736998,1.8241404554852436,2.059244301068392,2.910186848607189,3.8984569760154164,4.348789530163458,5.542005559668148,5.818778653845485,6.7573409751567315,8.055654317172436,9.495704742118084,9.79041057660148,9.180121565051376,10.27875824847914,10.070993491504373,10.044507591993398,12.409513888888888,14.164338888888889,14.819805555555554,15.954319444444444,17.975872222222222,18.937980555555555,18.370753111111114,21.780044111111113,20.745019555555558,23.05624877777778,23.429803,26.081682000000004,28.454812,29.302646,31.386402,31.0224642028995,-0.008887439359561378,0.05059241885179144,0.004947711817977147
Estonia,0,0,0,0,0,0,0,0,0,0,0,0,0,0,0,0,0,0,0,0,0,0,0,0,0,0,0,0,0,0,0.006,0.005,0.008,0.012,0.013000000000000001,0.055,0.022,0.028399999999999998,0.032100000000000004,0.0386,0.0869,0.11429999999999998,0.127,0.171,0.5091,1.0191,1.1512,1.4353,1.2269,1.4031,1.5638999999999998,1.5532,1.846,1.9988000000000001,2.1235,2.9405,2.8555330000000003,2.833152,2.7811120000000003,3.566974,3.93082523777126,0.10502476945005257,0.09654756695886224,0.0006269195882094351
Finland,0,0,0,0,0,0,0,0,0,0,0,0,0,0,0,0,0,0,0,0,0,0,0,0,0,5.156454999999999,4.9995199999999995,4.952594,5.9626719999999995,6.472751,6.619837,5.900982,7.9092080000000005,9.357292,8.413416999999999,8.718601,8.343567,9.054678999999998,9.474382999999998,10.562261999999999,9.684789,10.97296,10.147096000000001,10.669101999999999,9.014923000000001,11.273270000000002,11.731526000000002,11.700058,12.791066,12.873575,13.758026,14.612830000000002,16.705242,18.839118,19.463986,20.043999,22.383378,25.174871,27.102028000000004,32.374015,34.71327203432586,0.07519493301076263,0.09696795900222366,0.005536351501981491
France,0,0.39,0.605,0.926,1.067,1.3702458,1.3918224,1.5151953,1.5500864,1.5770592,1.4158849,1.3329,1.3745814,1.4183881,1.4840102000000002,1.4710235,1.4921525,1.52734,1.5587000000000002,1.6223,1.65215,1.6628,1.7506,1.77325,1.84145,1.913271526,2.102489604,2.1359776040000003,1.97808518,2.1635825,2.3357542000000002,2.4330805,2.6895352000000003,2.6765857,2.8944919300000005,3.03922325,3.4711605,3.80910345,4.1127673,4.385447984,4.84450076,6.03490605,8.304,10.172,12.664000000000001,15.482,20.159909618750106,25.187724857003747,27.222001702719282,30.097242917444582,36.16297394720736,37.619965897950905,41.71221207849436,48.42487335555991,55.65851768652282,62.03945619015598,61.593830114485414,67.61380031757722,82.83845305675955,81.45971845900735,92.837340403516,0.14279414466893847,0.09886883156486115,0.014806444880065722
Germany,0,0,0,0,0,0.9200201613000001,1.001028226,1.01874874,1.0531048390000002,1.07625,1.124710181,1.277685232,1.246583921,1.317465978,1.443317792,1.96625378,1.804237651,1.798813004,1.540238155,1.642944808,1.644029738,1.596569556,1.447849294,1.645881804,1.775267893,1.507,1.612,1.839,2.266,2.819,3.554,4.181,5.274000000000001,7.2219999999999995,8.487,12.9,15.8,22.400000000000002,28.446346505331814,37.286552014771836,43.90131821741947,52.76519817104101,68.82832374965737,74.66347723918365,77.94132117562904,85.4936000106835,107.9756958970608,123.33672617140448,130.6776866768353,144.1555376121285,171.09760551234615,170.55951377599985,197.52393077318123,207.1936933584958,223.4526849609874,234.8188248065348,220.00547649234568,237.88166408107918,255.20822129572431,265.60334453645874,273.27068895265063,0.03168646558245802,0.04793636668480894,0.04358340486412477
Greece,0,0,0,0,0,0,0,0,0,0,0,0,0,0,0,0,0,0,0,0,0,0,0.001,0.001,0.001,0.002,0.002,0.009000000000000001,0.048,0.038,0.035,0.038,0.036000000000000004,0.07,0.163,0.451,0.835,0.777,1.1260000000000001,1.2457030000000002,1.3889250000000002,1.814864,2.00342,2.438592,2.810572,3.061685,4.132353,5.748437000000001,8.003646,7.700120999999999,8.752081,9.349841999999999,9.838492,10.404981,12.096884,14.210511999999998,16.233164000000002,18.591569,20.570187,24.109388,21.68872458585218,-0.09793870549094441,0.09499533397599369,0.0034590920388665554
Hungary,0,0,0,0,0,0,0,0,0,0,0,0,0,0,0,0,0,0,0,0,0,0,0,0,0,0.017,0.024,0.046,0.039,0.045,0.056,0.05,0.053,0.06,0.065,0.065,0.07100000000000001,0.043000000000000003,0.165,0.731,1.6680000000000001,1.307,1.673,2.1439999999999997,2.667,2.825,2.4859999999999998,2.434181,2.574905,2.84954,2.995,2.9990000000000006,3.2600000000000002,3.5440000000000005,4.471,5.285000000000001,6.702999999999999,7.484000000000001,9.151,11.705600000000002,13.570168000000002,0.16246467865515246,0.16310477788791689,0.0021642794120545717
Iceland,0,0,0,0,0.001904,0.012091000000000001,0.012033,0.021664000000000003,0.0242,0.005751,0.018347000000000002,0.019012,0.016126,0.018285,0.045630000000000004,0.04467200000000001,0.12313299999999999,0.15896800000000005,0.171714,0.173233,0.17123299999999997,0.212339,0.234136,0.24560800000000002,0.25750799999999996,0.28291000000000005,0.26702499999999996,0.229769,0.25427200000000005,0.258365,0.288177,0.343134288,0.37307241,0.652658067,1.135673,1.3226630000000001,1.4508629999999998,1.4304200153020006,1.4046782756394998,1.48238277502431,1.6590298229999998,2.63259802256,3.5806526811578947,4.037937016578947,4.55308681,4.4653225690000005,4.701470946000001,5.20950492,5.2504766730000005,5.2467503440000005,5.013876414,5.076489361,5.177725551,6.014196999999999,6.024707487,5.967262494,5.8076870000000005,5.9218519999999994,6.013456,5.998381,5.643586000000001,-0.056570784774749194,0.011901296273537199,0.0009000844344712175
Ireland,0,0,0,0,0,0,0,0,0,0,0,0,0,0,0,0,0,0,0,0,0,0,0,0,0,0,0,0.0050009,0.0150027,0.01900342,0.01600288,0.041007379999999996,0.13102358,0.25404572000000003,0.27805004,0.33906102,0.43107757999999996,0.46908441999999995,0.5400971999999999,0.76413752,1.2423955909599997,1.750788985302,2.167993,2.6670299999999996,3.264921,3.1762740000000003,4.789620000000001,4.520309,5.103416000000001,5.767086,7.16214,6.9325030000000005,8.312202,9.649019,11.073541,12.719140000000001,11.0193,12.555844,13.340689000000001,13.746051000000001,14.802415468101474,0.0797988477583691,0.07529834743897457,0.0023608081378425198
Italy,2.676,3.351,3.4749999999999996,3.617,3.8120000000000003,4.228,4.209,3.807,3.8449999999999998,4.245,3.986,3.8120000000000003,3.73,3.811,3.825,3.96,3.4690000000000003,3.521,3.393,3.472,2.836,3.0250000000000004,3.2430000000000003,3.339,3.336020202020202,3.2769191919191925,3.2998787878787876,3.566919191919192,3.7978383838383842,3.581717171717172,3.6756363636363636,4.184666666666667,4.603000000000001,5.257000000000001,5.950000000000001,6.68,7.5360000000000005,8.797,10.196,11.533,12.372000000000002,13.641000000000002,14.899999999999999,16.54,20.1187,25.8476,37.1388,50.34740000000001,59.234899999999996,62.1334,63.3668,65.5902,67.699,65.62819999999999,69.5284,69.363,70.9509,72.06850000000001,76.0614,81.3626,93.48490762216548,0.15213907442420416,0.039651950591138796,0.014909724102492779
Latvia,0,0,0,0,0,0,0,0,0,0,0,0,0,0,0,0,0,0,0,0,0,0,0,0,0,0,0,0,0,0,0,0.001,0.002,0.002,0.002,0.005,0.006,0.020999999999999998,0.07200000000000001,0.087,0.08900000000000001,0.089,0.095,0.10300000000000001,0.096,0.115,0.1912,0.3962,0.6212,0.7702,0.9162,0.9533820000000001,1.08108,1.067026,1.084556,1.0464870000000002,1.010027,1.066694,1.168902,1.4336570000000002,1.6789745202490192,0.17432164767547742,0.06244236962860339,0.00026777634496044216
Lithuania,0,0,0,0,0,0,0,0,0,0,0,0,0,0,0,0,0,0,0,0,0,0,0,0,0,0,0,0,0,0,0,0,0,0,0,0,0.002,0.004,0.007,0.0072,0.0088,0.0387,0.1601,0.2001,0.25970000000000004,0.371,0.6321,0.7604,1.0045,1.1119,1.3301,1.6417000000000002,1.9354,1.7746,2.1237,2.2746,2.2380000000000004,2.5626,3.987,5.8245000000000005,7.302860477346739,0.25725269366829373,0.18566191775575325,0.0011647188583242718
Luxembourg,0,0,0,0,0,0,0,0,0,0,0,0,0.013000000000000001,0.015,0.016,0.015,0.018000000000000002,0.018000000000000002,0.017,0.019,0.018000000000000002,0.017,0.022,0.023,0.019,0.012505,0.013976,0.01177,0.014712,0.01508,0.019493,0.015448,0.019919,0.028068,0.03685000000000001,0.047134999999999996,0.049658999999999995,0.051553,0.061717999999999995,0.091173,0.11611199999999999,0.134316,0.14785399999999999,0.150268,0.161973,0.160371,0.18277300000000002,0.209754,0.25097600000000003,0.289842,0.331533,0.34179200000000004,0.5147390000000001,0.590472,0.689797,0.884686,0.883032,0.9779850000000001,1.167313,1.267856,1.1352866816317246,-0.10210855483434356,0.13098768997285792,0.00018106464060248145
Netherlands,0,0,0,0,0,0,0,0,0,0,0.803,0.872,0.867,1.211,1.106,1.024,1.085,0.265,0.231,0.017,0.441,0.554,0.7040000000000001,0.851,0.923,0.7260000000000001,0.838,0.9,1.038,1.1770100000000001,1.335,1.7550000000000001,1.9400000000000002,2.233781,2.4386080000000003,2.849904,3.196094,3.8697920000000003,3.8962740000000005,5.225046,7.377918,7.963223,7.498994000000001,9.380115,10.738776999999999,11.110555999999999,12.284074,12.439186999999999,12.097048000000001,11.595278,13.594237000000001,14.681115,17.377779,18.809494,22.729008999999998,32.683420000000005,40.344791,48.044545,56.882318999999995,62.01388200000001,65.72168942170957,0.06269349247935696,0.170672423459014,0.010481823020971497
North Macedonia,0,0,0,0,0,0,0,0,0,0,0,0,0,0,0,0,0,0,0,0,0,0,0,0,0,0,0,0,0,0,0,0,0,0,0,0,0,0,0,0,0,0,0,0,0,2.6e-05,0.001173,0.002836,0.009051,0.08501500000000001,0.163586,0.169216,0.185782,0.174176,0.180134436,0.198344915,0.208153276,0.259924005,0.593359,1.1144180000000001,2.3365089864612854,1.1023622921962324,0.3046142930828817,0.00037264522410324275
Norway,0,0,0,0,0,0,0,0,0,0,0,0,0,0,0,0,0,0,0,0,0.005,0.026000000000000002,0.021,0.027,0.029,0.213,0.209,0.227,0.25,0.279,0.299,0.312,0.252,0.281,0.29800000000000004,0.2923,0.28730000000000006,0.33030000000000004,0.5542,0.6172,0.8382000000000001,1.0311,1.2851,1.3174000000000001,1.2117,1.2361,1.6305,1.8829,2.2868,2.4817,2.7814,2.3728000000000002,3.1529610000000003,4.142044,5.883025,10.284491513432416,12.093312999999998,15.220842000000001,14.571882000000002,15.700082,15.230442416158494,-0.027255420980933698,0.1853453677969048,0.0024290733141825887
Poland,0.026000000000000002,0.038,0.044,0.047,0.084,0.059000000000000004,0.101,0.185,0.223,0.23500000000000001,0.211,0.183,0.265,0.262,0.24,0.248,0.269,0.269,0.362,0.34500000000000003,0.397,0.368,0.193,0.094,0.10300000000000001,0.055,0.083,0.111,0.061,0.051000000000000004,0.068,0.133,0.171,0.224,0.197,0.226,0.458,0.488,0.579,0.9924000000000001,1.6458,2.2488,3.0774999999999997,4.454,6.3033,7.968499999999999,10.806000000000001,14.8424,14.627600000000001,17.662,20.654000000000003,20.669,21.562,19.647,23.500416,26.108225,28.229269000000002,35.720392000000004,43.443854,50.559630999999996,56.258237814981214,0.11575913149719042,0.1053967800835276,0.008972515731672135
Portugal,0.20700000000000002,0.2,0.192,0.228,0.28,0.186,0.14300000000000002,0.113,0.2,0.18,0.23600000000000002,0.23,0.234,0.232,0.258,0.32,0.311,0.353,0.405,0.373,0.548,0.606,0.614,0.653,0.663010101010101,0.693959595959596,0.813959595959596,0.8908383838383839,0.9155555555555556,0.9840000000000001,1.046,1.0299999999999998,1.126,1.1694,1.3622,1.5454,1.7076,1.9328000000000003,1.9826000000000001,2.4499,3.4988,4.719,6.144,7.8420000000000005,10.008000000000001,12.208,12.577000000000002,13.75,15.741324431,15.993080998,15.711360169999999,16.538,16.677,17.008000000000003,18.587,18.02288934317,19.638327078,21.071,22.313,25.461,26.139,0.02944164402930527,0.05222234058612307,0.004168857714340341
Romania,0,0,0,0,0,0,0,0,0,0,0,0,0,0,0,0,0,0,0,0,0,0,0,0,0,0.0020627325890483785,0,0.002,0.001,0,0,0,0.011,0.011,0,0,0,0.003,0.003,0.004,0.006,0.005,0.038000000000000006,0.029,0.020010101010101013,0.419020202020202,1.586,2.8600000000000003,5.192,6.5239,9.568999999999999,8.940999999999999,9.788168,8.53013,9.055144,9.224537,8.931799000000002,9.632427,10.21958,10.249175000000001,11.154056664893616,0.09126985579322122,0.015445523034835373,0.001778938565883586
Slovakia,0,0,0,0,0,0,0,0,0,0,0,0,0,0,0,0,0,0,0,0,0,0,0,0,0,0,0,0,0,0,0,0,0,0,0,0,0.154,0.152,0.101,0.026000000000000002,0.038,0.40431400000000006,0.48200000000000004,0.524,0.543,0.684942,1.221,1.371,1.5050000000000001,2.02,2.174,2.27,2.2079999999999997,2.2159999999999997,2.288,2.3400000000000003,2.52,2.144,2.023,2.282,2.2174524939555296,-0.02562326631562828,0.0019809818599627604,0.00035365713820764905
Slovenia,0,0,0,0,0,0,0,0,0,0,0,0,0,0,0,0,0,0,0,0,0,0,0,0,0,0,0,0,0,0,0,0,0,0,0.031,0.07,0.07200000000000001,0.10200000000000001,0.122,0.121,0.11,0.099,0.10400000000000001,0.292,0.197,0.234,0.318,0.43000000000000005,0.48,0.52,0.547,0.5560164383561644,0.5834720000000001,0.533699,0.5654009999999999,0.651824,0.739206,0.923629,1.2901850000000001,1.535811,1.8805861184501729,0.2278453593480272,0.13143755526010792,0.00029993098233988913
Spain,0,0,0,0,0,0.047,0.052000000000000005,0.061,0.056,0.051000000000000004,0.113,0.187,0.309,0.316,0.251,0.362,0.424,0.487,0.56,0.55,0.611,0.538,0.5630000000000001,0.673,0.5970606060606062,0.562,0.5640000000000001,0.686,0.704,0.8240000000000001,1.296,1.459,2.218,2.898,4.485,6.238,8.414,11.958,15.3,19.086000000000002,23.87,26.19,30.974,38.778999999999996,47.36264693900095,54.563429903877925,55.62753628360237,66.4149189136135,74.168439870229,71.10008358223308,68.94759702661904,68.22038104206712,69.52567117000001,69.815546925,73.83442181999999,83.248055045,96.05000428,105.25851623,118.71350000000001,126.49357760000001,130.74699175226766,0.036457385237045115,0.06608358673113979,0.02085258063404239
Sweden,0,0,0,0,0,0.13,0.16,0.226,0.399,0.357,0.31,0.354,0.36,0.276,0.34700000000000003,0.721,0.921,1.002,1.45,1.853,1.808,1.986,1.965,2.046,2.194,1.949,1.873,2.0410000000000004,2.224,2.305,2.46,2.263,2.977,3.089,3.056,4.556,4.261,4.784999999999999,5.191,8.053,8.431151,9.34943,11.270537000000001,12.341753999999998,13.957821,15.686761,17.659708,19.378177,21.327224,21.977097,27.184738000000003,27.10949,29.914725,28.920724999999997,33.545584,39.738217000000006,41.697344,48.154967,48.87261,54.744353000000004,53.18296710817488,-0.025859820329315886,0.06941123193884913,0.008482046853377079
Switzerland,0,0,0,0,0,0,0,0,0,0,0,0,0,0.098,0.28700000000000003,0.17300000000000001,0.436,0.39,0.396,0.369,0.365,0.458,0.511,0.513,0.529,0.439,0.438,0.488,0.495,0.555,0.5800000000000001,0.622,0.667,0.7000000000000001,0.762,0.847,0.893,0.929,0.9530000000000001,0.994,1.045,1.174,1.224,1.285,1.306,1.403,1.623,1.9140000000000001,2.197,2.614,2.8299999999999996,3.167,3.654,3.878,4.186,4.8629999999999995,5.194999999999999,6.314,7.188,8.301,10.5202298143639,0.2708170535839671,0.14031248453751832,0.001677850767751031
Türkiye,0.1,0.122,0.17300000000000001,0.179,0.178,0.166,0.162,0.17500000000000002,0.197,0.20700000000000002,0.22,0.161,0.218,0.137,0.145,0.136,0.11,0,0,0.0221,0.006,0.0436,0.0579,0.0684,0.0626,0.08009999999999999,0.1197,0.1167,0.134,0.13,0.3083,0.2591,0.37679999999999997,0.3315,0.23440000000000003,0.2749,0.336,0.2826,0.229,0.22690000000000002,0.1874,0.27835,0.606042,1.151195,2.182759,3.919974,5.763902538461538,7.356279787144363,9.806392615384615,11.984014,16.512133,23.01343,29.044600000000003,37.829515,43.45499528461444,50.266013085300315,62.640654486898924,71.04002907028902,76.15716414997871,88.16516834107821,104.36004707378058,0.18693092725840144,0.20246683999818904,0.016644178710449955
Ukraine,0,0,0,0,0,0,0,0,0,0,0,0,0,0,0,0,0,0,0,0,0,0,0,0,0,0,0,0,0,0,0,0,0,0.003,0.003,0.006,0.016,0.022,0.031,0.033,0.038,0.035,0.326,0.309,0.18200000000000002,0.238,0.25360000000000005,0.7555000000000001,1.3096,1.6892,1.7059000000000002,1.5806,1.915,2.5964,5.3599,9.3889,11.23985,7.269400000000001,7.698158000000001,7.837287249000001,7.57775313076923,-0.030466300795556123,0.1608034450723188,0.001208560947112513
United Kingdom,0,0,0,0,0,0,0,0,0,0,0,0,0,0,0,0,0,0,0,0.00101010101010101,0.00101010101010101,0.00101010101010101,0,0.00101010101010101,0.009000000000000001,0.6048,0.6969,0.9672000000000001,1.415,1.8625,2.0336,2.2926,2.7768000000000006,3.5312,4.2801,4.8288,5.492999999999999,6.342100000000001,7.464700000000001,9.3069,12.022299999999998,13.523899999999998,14.61231866541498,16.763525685723955,20.015919389022343,22.588890063133903,29.520425739953716,35.93888039130101,48.51230427767422,58.634553194359555,77.06656033053186,77.63288546484735,92.99667,104.68691,113.79314,126.7464,117.0589,130.1602,131.29399999999998,138.5334,147.4057,0.06695967350022958,0.06700100914360929,0.023509445257383146
Other Europe,0,0,0,0,0,0,0,0,0,0,0,0,0,0,0,0,0,0,0,0,0,0,0,0,0,0,5.800000000000001e-05,0.000871,0.0013062727272727273,0.001699111111111111,0.0014807575757575758,0.015993358585858587,0.014711555555555556,0.016210015151515152,0.013784676767676767,0.013329282828282829,0.01322659090909091,0.012639585858585859,0.015887732323232324,0.035683848484848485,0.04080146464646465,0.04831689393939395,0.06134628282828283,0.05139260101010101,0.05723166666666667,0.059321063131313134,0.07451082828282828,0.10004459518140306,0.1469102154704945,0.20886264863051568,0.27101807351408824,0.3612590549066731,0.6508314378219032,0.9997096403460926,2.1825307375954277,2.4239503784891014,2.9291063719611903,3.286342670164806,3.7898732166416798,5.205073967640418,7.057035898439152,0.3595138680755898,0.3853592450769294,0.0011255127795854769
Total Europe,3.009,4.101,4.489,4.997,5.422904000000001,7.1183569613,7.231883625999999,7.122608039999999,7.663391239,8.0420602,8.520942081000001,8.485597232,8.880291321,9.375139077999998,9.768957992,10.751449280000001,10.764023150999998,9.854621004,10.166752154999998,10.5497879090101,11.587149839010104,12.677419657010104,12.616101294000002,13.560809905010101,14.19676680209091,19.755768046467836,20.594438987838377,22.27420407975747,25.171755092121217,27.084662912201985,30.460642656697363,31.612700494320922,39.050645594162745,46.83424547816692,51.79301499581265,63.62039143249643,72.13992832475456,87.86766344631734,103.64881633046697,129.79404888439907,152.39456649305043,176.1874031029241,210.7689462915285,240.6947356734755,272.1793085786542,315.1061213071246,381.98100843847874,451.8866263438684,509.591922638438,549.8789344091023,627.9298024350279,640.4016283819485,718.2310054482941,759.5355328610224,838.5948390006348,924.1707925097703,951.4912390530321,1046.3767013467377,1141.2202991414852,1230.140513593708,1316.394850560932,0.07304929575818919,0.07683089658768916,0.20994922636209656
,,,,,,,,,,,,,,,,,,,,,,,,,,,,,,,,,,,,,,,,,,,,,,,,,,,,,,,,,,,,,,,,
Azerbaijan,0,0,0,0,0,0,0,0,0,0,0,0,0,0,0,0,0,0,0,0,0,0,0,0,0,0,0,0,0,0,0,0,0,0,0,0,0,0,0,0,0,0,0,0,0.0021,0.0005,0,0,0.0686,0.0922,0.1001,0.14535,0.14445000000000002,0.20306000000000002,0.24755,0.24339999999999998,0.2432,0.24685,0.24760000000000001,0.71685,0.8806499999999999,0.23186543869153575,0.2429021125792894,0.00014045313692696054
Belarus,0,0,0,0,0,0,0,0,0,0,0,0,0,0,0,0,0,0,0,0,0,0,0,0,0,0,0,0,0,0,0,0,0,0,0,0,0,0,0,0.00101010101010101,0.001,0.003,0.015,0.034,0.061,0.085,0.099,0.101,0.09040000000000001,0.09,0.14200000000000002,0.193,0.29200000000000004,0.326,0.45499999999999996,0.623,0.8857,0.9042111984282908,0.8325406679764245,0.925121190354442,0.9617559906655889,0.04244822044961838,0.2108146182315449,0.00015338857190402377
Kazakhstan,0,0,0,0,0,0,0,0,0,0,0,0,0,0,0,0,0,0,0,0,0,0,0,0,0,0,0,0,0,0,0,0,0,0,0,0,0,0,0,0,0,0,0,0,0,0,0.000147,0.0026860000000000005,0.0053361,0.0145042,0.17836929999999998,0.3652459,0.4345534,0.5290071,1.1033214,2.2726580000000003,3.3782985000000005,4.0872475999999995,5.6569216,6.3396066,7.165426534568222,0.13336020568569373,0.4467456791330906,0.0011427997890192322
Russian Federation,0,0,0,0,0,0,0,0,0,0,0,0,0,0,0,0,0,0,0,0,0,0,0,0,0,0.065,0.065,0.063,0.06,0.061,0.059,0.057,0.057,0.057999999999999996,0.057999999999999996,0.081,0.11720000000000001,0.17950000000000002,0.3744,0.45680000000000004,0.45810000000000006,0.5109,0.4911,0.4941,0.5012,0.5411,0.5638,0.512311506849315,0.4968,0.810506,0.964837,1.0626695,1.202528,1.366276,1.838409,3.8149390000000003,5.7169490000000005,7.441489000000001,8.231261,8.318018712328767,7.629111149425287,-0.08030829355209201,0.22970800244606604,0.0012167519365255564
Turkmenistan,0,0,0,0,0,0,0,0,0,0,0,0,0,0,0,0,0,0,0,0,0,0,0,0,0,0,0,0,0,0,0,0,0,0,0,0,0,0,0,0,0,0,0,0,0,0.0001595,0.00045675,0.0009814315068493152,0.00184875,0.0031174999999999996,0.00522,0.006979068493150684,0.006959999999999999,0.00696,0.00696,0.006979068493150686,0.00696,0.00696,0.00696,0.006979068493150686,0.00696,-1.1102230246251565e-16,0.029186008964760646,1.1100367149396983e-06
USSR,0,0,0,0,0,0,0,0,0,0,0,0,0,0,0,0,0,0,0,0,0,0,0,0,0,0,0,0,0,0,0,0,0,0,0,0,0,0,0,0,0,0,0,0,0,0,0,0,0,0,0,0,0,0,0,0,0,0,0,0,0,-,0,0
Uzbekistan,0,0,0,0,0,0,0,0,0,0,0,0,0,0,0,0,0,0,0,0,0,0,0,0,0,0,0,0,0,0,0,0,0,0,0,0,0,0,0,0,0,0,0,0,0,0,0,0,0,0,0,0.0046429999999999996,0.0062900000000000005,0.006827,0.022327,0.00684570410958904,0.050221,0.4358,0.6295999999999999,4.7547999999999995,10.5,1.214344898478942,-,0.0016746243544348898
Other CIS,0,0,0,0,0,0,0,0,0,0,0,0,0,0,0,0,0,0,0,0,0,0,0,0,0,0,0,0,0,0,0,0,0,0,0,0,0,0,0,0,0,0.0026,0.0029,0.0019,0.004307375,0.004180625,0.003166,0.005323820547945206,0.01100775,0.026120750000000005,0.031148750000000003,0.029767705479452053,0.042243750000000004,0.07074375,0.14874375,0.15016496575342467,0.29274374999999997,0.7553437500000001,1.1602437500000002,1.5467649657534248,2.560719557991982,0.6600681324348081,0.5541471614198348,0.0004084041273039161
Total CIS,0,0,0,0,0,0,0,0,0,0,0,0,0,0,0,0,0,0,0,0,0,0,0,0,0,0.065,0.065,0.063,0.06,0.061,0.059,0.057,0.057,0.057999999999999996,0.057999999999999996,0.081,0.11720000000000001,0.17950000000000002,0.3744,0.45781010101010106,0.45910000000000006,0.5165000000000001,0.509,0.53,0.568607375,0.6309401250000001,0.66656975,0.6223027589041096,0.6739925999999999,1.03644845,1.42167505,1.8076551739726026,2.12902515,2.50887385,3.82231115,7.117986738356164,10.57407225,13.87790154842829,16.765127017976425,22.608140536929785,29.70462323265108,0.31749029573666054,0.3551968098417946,0.004737531952829519
,,,,,,,,,,,,,,,,,,,,,,,,,,,,,,,,,,,,,,,,,,,,,,,,,,,,,,,,,,,,,,,,
Iran,0,0,0,0,0,0,0,0,0,0,0,0,0,0,0,0,0,0,0,0,0,0,0,0,0,0,0,0,0,0,0,0,0,0,0.035,0.0365,0.0337,0.0303,0.027600000000000003,0.0463,0.0709,0.12539999999999998,0.141,0.196,0.2282,0.1799,0.2347,0.3063,0.239,0.24730000000000002,0.15880000000000002,0.1828,0.428245,0.996256,1.243159,1.73221,1.7726267038835983,1.8886267038835984,1.8886267038835984,2.172569478785668,3.409133876144689,0.5734704930434535,0.35887452147449594,0.0005437160587162775
Iraq,0,0,0,0,0,0,0,0,0,0,0,0,0,0,0,0,0,0,0,0,0,0,0,0,0,0,0,0,0,0,0,0,0,0,0,0,0,0,0,0,0,0,0,0,0,0,0,0,0.0463,0.0573,0.057305,0.057305,0.057305,0.376545,0.376545,0.37757663013698634,0.3765450000000001,0.376545,0.376545,0.37757663013698634,0.5757943265345392,0.5291514335193381,0.2595270136537229,9.183230498668333e-05
Israel,0,0,0,0,0,0,0,0,0,0,0,0,0,0,0,0,0,0,0,0,0,0,0,0,0,0,0,0,0,0,0,0,0,0,0,0,0.01,0.011,0.012,0.011,0.011,0.01,0.01,0.016,0.07500000000000001,0.139,0.272,0.451,0.5339,0.9438999999999993,1.2930999999999988,1.78752,1.798344,1.9933128,3.28285536,4.342686432000001,5.4970037184,6.38478146208,8.721840754495998,11.073211099773188,14.239668890231945,0.2894797681590757,0.27112066115082123,0.0022710567926353576
Kuwait,0,0,0,0,0,0,0,0,0,0,0,0,0,0,0,0,0,0,0,0,0,0,0,0,0,0,0,0,0,0,0,0,0,0,0,0,0,0,0,0,0,0,0,0,0,0,0,0,0.000182,0.003278,0.00509,0.048814,0.053214,0.05917,0.069542,0.06981699999999999,0.21200000000000002,0.17700000000000002,0.171521,0.16279300000000002,0.10181600000000002,-0.37285418939877335,0.3493040529769278,1.623843364487074e-05
Oman,0,0,0,0,0,0,0,0,0,0,0,0,0,0,0,0,0,0,0,0,0,0,0,0,0,0,0,0,0,0,0,0,0,0,0,0,0,0,0,0,0,0,0,0,0,0,0,0,0.0012,0.0012,0.0037,0.004196,0.015560000000000001,0.015712,0.025255,0.159962,0.8025939999999999,1.961531597087099,2.2373152473104043,2.431144,5.067301530054646,1.0900384954347446,1.0590054794581154,0.0008081739574756848
Qatar,0,0,0,0,0,0,0,0,0,0,0,0,0,0,0,0,0,0,0,0,0,0,0,0,0,0,0,0,0,0,0,0,0,0,0,0,0,0,0,0,0,0,0,0,0,0,0.010635,0.010635,0.080231,0.10832000000000001,0.125841,0.13114,0.13730900000000001,0.14288900000000002,0.125939,0.14275200000000002,0.14236196721311478,0.4056956712328768,2.0343880000000003,2.1347561863013698,3.61127422020918,0.69629119494733,0.3988908537859943,0.0005759550247338246
Saudi Arabia,0,0,0,0,0,0,0,0,0,0,0,0,0,0,0,0,0,0,0,0,0,0,0,0,0,0,0,0,0,0,0,0,0,0,0,0,0,0,0,0,0,0,0,0.000609,0.000609,0.004089000000000001,0.005392,0.025637,0.042475,0.045881,0.045881,0.045881,0.069854,0.16430615770927345,0.2124306283772812,0.9166000000000001,1,2.01,4.714,11.065999999999999,19.76744401000015,0.7912164640203749,0.8341369673462788,0.003152670777530889
United Arab Emirates,0,0,0,0,0,0,0,0,0,0,0,0,0,0,0,0,0,0,0,0,0,0,0,0,0,0,0,0,0,0,0,0,0,0,0,0,0,0,0,0,0,0,0,0,0.006354,0.018424,0.020696,0.024242,0.08691199999999999,0.31140900000000005,0.30058900000000005,0.316,0.7451,1.1981,3.6558,5.185365926999999,6.252780752,7.755801572,14.630193100000001,15.33525,19.178955801685397,0.25407155971200845,0.5152531219112606,0.003058813950298352
Other Middle East,0,0,0,0,0,0,0,0,0,0,0,0,0,0,0,0,0,0,0,0,0,0,0,0,0,0.001,0.001,0.001,0.001,0.001,0.001,0.001,0.003,0.003,0.003,0.006,0.008,0.008,0.009000000000000001,0.010100000000000001,0.0091,0.010100000000000001,0.014100000000000001,0.017,0.015300000000000001,0.0188385,0.020083,0.02253360273972603,0.03254,0.058152499999999996,0.32965,1.1309,1.6470250000000002,2.804374,3.9706061552260223,5.239646879452054,6.4406740000000005,7.864921209377601,8.934459600000002,9.755435519015437,10.446233165475714,0.07374529429769616,0.4128324574101878,0.0016660491877153432
Total Middle East,0,0,0,0,0,0,0,0,0,0,0,0,0,0,0,0,0,0,0,0,0,0,0,0,0,0.001,0.001,0.001,0.001,0.001,0.001,0.001,0.003,0.003,0.038000000000000006,0.042499999999999996,0.0517,0.049300000000000004,0.048600000000000004,0.06739999999999999,0.091,0.1455,0.1651,0.229609,0.325463,0.36025150000000006,0.563506,0.840347602739726,1.06274,1.7767404999999994,2.319955999999999,3.7045559999999993,4.951955999999999,7.750664957709274,12.962132143603304,18.166616868589042,22.496586141496714,28.824903215661177,43.70888940569,54.508735914012654,76.39762182033627,0.4054064745532875,0.4182735680297822,0.012184506487737284
,,,,,,,,,,,,,,,,,,,,,,,,,,,,,,,,,,,,,,,,,,,,,,,,,,,,,,,,,,,,,,,,
Algeria,0,0,0,0,0,0,0,0,0,0,0,0,0,0,0,0,0,0,0,0,0,0,0,0,0,0,0,0,0,0,0,0,0,0,0,0,0,0,0,0,0,0,0,0,0,0.0091,0.01811875,0.02672301369863014,0.028600000000000004,0.061,0.077,0.26405205479452054,0.523,0.613,0.625,0.6927000000000001,0.6745,0.665,0.694,0.661,0.6591939890710382,-2.220446049250313e-16,0.23951632596461248,0.00010513355318051878
Egypt,0,0,0,0,0,0,0,0,0,0,0,0,0,0,0,0,0,0,0,0,0,0,0,0,0,0,0,0,0,0,0,0,0,0,0.012,0.08070000000000001,0.1799,0.2135,0.28700000000000003,0.5050505050505051,0.5111111111111112,0.6060606060606061,0.6636363636363636,0.9313131313131312,1.0393939393939395,1.4343434343434343,1.7393939393939395,1.8404040404040405,1.6020202020202021,1.1676767676767676,1.9365454545454548,2.6303030303030304,2.712121212121212,3.5404040404040407,6.468686868686868,9.684848484848484,10.457575757575757,10.9,10.921212121212124,12.42727272727273,19.259908012292165,0.5540557697084556,0.2582375775215775,0.0030717248591962025
Morocco,0,0,0,0,0,0,0,0,0,0,0,0,0,0,0,0,0,0,0,0,0,0,0,0,0,0,0,0,0,0,0,0,0,0,0,0.064,0.2058,0.19400101010101012,0.2029010101010101,0.19900101010101012,0.2064010101010101,0.1833010101010101,0.2790010101010101,0.2983010101010101,0.3912010101010101,0.65890101010101,0.6923010101010101,0.7281012828282828,1.2150010101010102,1.9239010101010101,2.5251,3.4015999999999997,3.4502000000000006,4.790898000000002,6.280652000000003,6.111724533000001,6.926876279,6.803625838999999,8.656349012,10.98,11.100384728000002,0.01373376511415536,0.1595939609743906,0.001770378534200563
South Africa,0,0,0,0,0,0,0,0,0,0,0,0,0,0,0,0,0,0,0,0,0,0,0,0,0,0,0,0,0,0,0,0.06,0.146,0.231,0.197,0.4868,0.4339,0.47270000000000006,0.4283,0.4094,0.45430000000000004,0.43610000000000004,0.4626,0.4988,0.5024000000000001,0.4579000000000001,0.5293,0.5456000000000001,0.7577,2.505172,6.136528,7.814492,11.647364,10.887902288000012,11.586944986999988,12.478703997999977,15.208327461999996,19.449961508000012,25.741008,28.76532,30.138660999999995,0.05061347045583364,0.17251963284556426,0.004806755782919713
Eastern Africa,0,0,0,0,0,0,0.126,0.127,0.132,0.136,0.133,0.146,0.149,0.155,0.161,0.167,0.177,0.195,0.189,0.192,0.227,0.617,0.6149999999999999,0.583,0.5740000000000001,0.706,0.709,0.7030000000000001,0.7020000000000001,0.59,0.733,0.8970930879110345,0.9150930879110344,1.150501965295753,1.139186175822069,1.486768,1.5887977894686773,1.495203210529177,1.8998895263186506,2.195276431181298,2.1936341132929527,2.346819786272447,2.2603880735503,2.3870655891820003,2.80153736184544,3.1332625483138963,3.2444319592217514,3.7176159923099834,4.200909777190858,5.539710474783094,7.5381141757692705,7.810100007265381,7.816773073776563,8.661917178572406,10.351333444759627,9.927059558037882,10.706518608275342,11.86067354026446,13.205737613158696,14.456548731456095,15.787547072559459,0.09506085582768242,0.07672598641304096,0.0025179248404281255
Middle Africa,0,0,0,0,0,0,0,0,0,0,0,0,0,0,0,0,0,0,0,0,0,0,0,0,0,0.003,0.008,0.008,0.008,0.009000000000000001,0.009000000000000001,0.007,0.007,0.007,0.007,0.007143,0.007143,0.007143,0.0071,0.0071,0.0071,0.6501,0.08429999999999999,0.08529999999999999,0.07973000000000001,0.06840800000000001,0.073786,0.07744600000000001,0.084079,0.128505,0.100343,0.134984,0.15058400000000002,0.15874100000000002,0.16989400000000004,0.17681500000000003,0.201661,0.26519536483399997,0.4968442094139193,0.5468501198086337,0.7297883302952344,0.33818705321728526,0.21946961408529653,0.00011639250585664504
Western Africa,0,0,0,0,0,0,0.038,0.038,0.038,0.039,0.039,0.039,0.04,0.04,0.04,0.04,0.041,0.041,0.041,0.042,0.042,0.042,0.043000000000000003,0.043000000000000003,0.043000000000000003,0.092,0.1,0.105,0.111,0.1184,0.1203,0.1341,0.13520000000000001,0.1406,0.14579999999999999,0.1779410000026226,0.1873989999997616,0.19692270279193264,0.18647128633241572,0.27737640436109995,0.2906568610242751,0.30074882089751803,0.29786135930855256,0.2927054736704924,0.26347363130246765,0.233569,0.255014,0.303388,0.35408500000000004,0.38149637000000003,0.5513249020000001,0.901547061,0.7645619740000001,1.079855788,1.3363629380000002,1.6058936076943375,2.142019990127168,2.3175548467103826,2.6156182866287043,3.4354599565172657,3.733065163822014,0.08960453243300504,0.21078155470276227,0.0005953792228598873
Other Northern Africa,0,0,0,0,0,0,0,0,0,0,0,0,0,0,0,0,0,0,0,0,0,0,0,0,0,0,0,0,0,0,0,0,0,0,0,0.023,0.024,0.03,0.033318,0.045113,0.043908,0.040702999999999996,0.046498000000000005,0.043293,0.102088,0.145883,0.117678,0.208791,0.379791,0.548791,0.520791,0.5907910000000001,0.589754,0.6345890000000001,0.752674,0.8081578740401578,0.6513459999999999,0.652891,0.838591,0.9558123452054794,1.0785471688943749,0.13150044364855984,0.07551771294506349,0.0001720153672797448
Other Southern Africa,0,0,0,0,0,0,0,0,0,0,0,0,0,0,0,0,0,0,0,0,0,0,0,0,0,0,0,0.03225000008865499,0.12470000004380598,0.12900000004172,0.16770000002294602,0.17200000002086,0.19554732030077276,0.19704732030077277,0.22193862314558624,0.12980000000000003,0.1446,0.1554,0.1472,0.1561,0.1594,0.15080000000000005,0.15510000000000002,0.14830000000000002,0.13210000000000002,0.1863,0.27359999999999995,0.3056,0.30320199999999997,0.26175817578550387,0.26342190537697063,0.24205560901106998,0.3468468039820125,0.413872,0.584843,0.6613290000000001,0.725876,0.728056,0.8403311912568305,0.822167068,0.9478103926096901,0.15597811004923456,0.1365981843822135,0.00015116441589054113
Total Africa,0,0,0,0,0,0,0.164,0.165,0.16999999999999998,0.175,0.172,0.185,0.189,0.195,0.201,0.20700000000000002,0.218,0.23600000000000002,0.23,0.234,0.269,0.659,0.6579999999999999,0.6260000000000001,0.617,0.801,0.8170000000000002,0.8482500000886549,0.945700000043806,0.8464000000417201,1.0300000000229461,1.2701930879318946,1.3988404082118073,1.7261492855965264,1.7229247989676555,2.4561520000026227,2.771539789468439,2.7648699234221192,3.1921798227520766,3.794417350693914,3.866511095529348,4.7146332233315835,4.249384806596225,4.685078204266634,5.311923942642859,6.32766699275834,6.9436236587167,7.753669329240937,8.925387989312068,12.518010798346378,19.649168437691692,23.789924762374,28.001205063879784,30.781179294976464,38.15639123844649,42.14723205562083,47.69470109697826,53.64295809880885,64.00969143367027,73.05043094826019,83.43490585754397,0.14528406683832018,0.15558091454981238,0.01330686908181194
,,,,,,,,,,,,,,,,,,,,,,,,,,,,,,,,,,,,,,,,,,,,,,,,,,,,,,,,,,,,,,,,
Australia,0.296,0.28400000000000003,0.29,0.28200000000000003,0.281,0.261,0.263,0.28,0.338,0.429,0.489,0.484,0.429,0.405,0.418,0.385,0.404,0.516,0.431,0.441,0.456,0.46,0.47000000000000003,0.731,0.81,0.7595000000000001,0.72495,0.6821,0.6866000000000001,0.7193999999999999,0.85365,0.9791,1.03515,1.1346,1.2170999999999998,1.0702500000000001,1.1386500000000002,1.85865,2.45905,3.6832000000000003,5.2541,6.1921,7.240849999999999,7.29375,7.514792030082167,8.404198279820896,11.050496570098801,13.234850000000002,16.43805,18.275362,21.706588492043686,24.10699350642864,25.69003086148092,32.182185275530216,41.235989267201525,49.86185693214747,61.33372789781511,70.78098299999999,81.064464,88.172849,101.07968140891847,0.14952179942507593,0.1662918186542548,0.016120999640561375
Bangladesh,0,0,0,0,0,0,0,0,0,0,0,0,0,0,0,0,0,0,0,0,0,0,0,0,0,0,0,0,0,0,0,0,0,0,0,0.041960000000000004,0.033214,0.069466,0.061099999999999995,0.042393999999999994,0.039352000000000005,0.052032999999999996,0.06627700000000002,0.073444,0.057364000000000005,0.07062399999999999,0.16369899999999998,0.185697,0.237077,0.28178400000000003,0.30081100000000005,0.24844500000000003,0.340039,0.35099400000000003,0.414091,0.49911292054794526,0.6497559999999999,0.665075322,0.93506644757,1.3583758700149315,1.69170878636,0.24880281106150726,0.18851095499405712,0.0002698073080238044
China,0,0,0,0,0,0,0,0,0,0,0,0,0,0,0,0,0,0,0,0,0,0,0,0,0,0.06802020202020202,0.0750909090909091,0.24731313131313132,0.33312121212121215,0.848838383838384,3.637161616161616,1.6359393939393938,2.930979797979798,2.8495555555555554,3.0107373737373737,3.1488989898989894,3.3041919191919193,3.4313737373737374,3.596969696969697,3.8817777777777778,7.352060606060606,10.939818181818183,15.45629292929293,28.118000000000002,48.7533178332,67.9652692,97.02863400000001,129.86198000000002,174.39502209999998,216.4165976,264.0448116,354.4686464,479.4250736,608.1337000000001,706.8375000000001,818.1195,1085.8853803418804,1298.9395,1588.7449592238054,1960.2626058849314,2437.8024146691014,0.24701727108174754,0.24891271314393526,0.38880031380048186
China Hong Kong SAR,0,0,0,0,0,0,0,0,0,0,0,0,0,0,0,0,0,0,0,0,0,0,0,0,0,0,0,0,0,0,0,0,0,0,0,0,0,0,0,0,0,0.0006940000000000001,0.000865,0.0008070000000000001,0.001099,0.041041,0.04686800000000001,0.045053,0.03983600000000001,0.046900000000000004,0.061811,0.06949200000000001,0.07169400000000001,0.07426800000000001,0.09160500000000002,0.233985,0.35168499999999997,0.45277399999999995,0.458058,0.5322640561389297,0.6670664668254505,0.2566958795579908,0.2685580160016052,0.0001063891191783555
India,0,0,0,0,0,0,0,0,0,0,0,0,0,0,0,0,0,0,0,0,0,0,0,0,0,0.06788936663936662,0.2079813213213213,0.20786189189189186,0.3468195495495494,0.5715652852852853,1.0612751460551462,1.6405892547092544,1.9757272727272726,2.3775883838383836,3.1381394348894345,3.2751495358995357,4.165261036036036,4.2380319888069895,5.333181180726181,8.557974956319956,10.04431822959323,14.9315,19.1448,23.7432,26.903121725372593,32.78798091321936,40.237023115732086,46.047631497521934,51.013356859810315,59.5088809540724,58.194866305972255,72.85721428581098,89.98185606517374,116.16569583164664,129.9528453869394,140.75732521190918,159.48442196096124,190.79048351752576,220.23372568503964,241.6888502632737,298.3272830984989,0.2377261830441324,0.17755399398782057,0.0475796317970608
Indonesia,0,0,0,0,0,0,0,0,0,0,0,0,0,0,0,0,0,0,0,0,0,0,0,0,0,1.12742,1.05146,1.08574,1.09197,1.6039100000000002,2.21253,2.34287,2.72838,3.2865,3.94073,4.8724,6.0346,6.2433,6.3019,6.6656,6.615,6.674,7.03902,8.336964999999998,9.330314999999999,9.40845,9.578349999999999,9.688289999999999,9.58312,10.268510000000001,10.527155000000002,11.269789999999997,13.38138,26.72853,26.88378,28.576470000000004,31.504120000000004,38.097730000000006,40.60437,39.90598,40.275366419303175,0.012021503768234743,0.14359658099471306,0.006423438999005163
Japan,0,0,0,0,0,0.242704,0.235611,0.248591,0.253998,0.307547,0.37850700000000004,0.367553,0.533774,0.827644,1.099732,1.0914400000000002,1.136527,9.870767,11.030233,12.119022999999999,12.699479,13.803359,14.792468000000001,15.986553,17.046979,11.341126,11.651856999999998,11.860617,11.582831595959597,13.502493595959596,14.335605595959597,15.304106191919193,16.534889441850005,16.322945957070708,16.741198636363638,16.564143719178084,16.78047921917808,18.04693,19.66242,20.765078123287672,25.22608837328767,25.65863,27.2504675,26.831971256849314,26.798565805849314,29.734190812999998,31.003385,34.22930126369864,41.21865205139863,52.18981861425,68.248153218505,72.33731467596914,83.51661696568027,94.2855286843747,102.38318358047614,114.4405915534072,128.5105084612243,138.30202291289638,148.32310571825474,151.4420696914081,171.2090960241668,0.13362266106438003,0.09633579276927073,0.027305802085985844
Malaysia,0,0,0,0,0,0,0,0,0,0,0,0,0,0,0,0,0,0,0,0,0,0,0,0,0,0,0,0,0,0,0,0,0,0,0,0.570903,0.5740940000000001,0.40440000000000004,0.4165,0.57636,0.5925,0.6239640000000001,0.7597729999999999,0.7967609999999999,1.393368,1.2629545,1.5375348999999998,1.5086624000000002,1.2445899999999999,0.92,1.024,1.07,1.095,1.983,2.595,3.293,3.349,4.8759999999999994,6.054,8.075,8.340738797814208,0.03573871665465034,0.233361695501191,0.0013302480309333006
New Zealand,1.348,1.359,1.1340000000000001,1.295,1.327,1.2730000000000001,1.256,1.2570000000000001,1.243,2.079057598538986,2.1061628616968813,2.054847072223197,1.978004966960039,2.001162861696881,1.87758391432846,1.971478651170565,1.93858391432846,1.968320756433723,1.98638391432846,2.1384312827495124,2.010208124854776,2.083034440644249,2.0779002301179337,2.087282861696881,2.578135011325145,2.9529426551932536,3.121829357035767,3.0700128669258775,3.2190710649674696,3.0756524621387653,3.0255718264808213,2.959778004829754,3.0600262054917993,3.329979973157255,3.5952087365547216,3.861093663867047,3.66874434166362,3.522482538642048,3.4231744261793895,3.756241382746989,4.4219294766532125,4.693773202615506,5.19165719610157,5.9549155646105465,7.062621996496114,8.249749247954966,8.898726876891322,9.270698110080804,9.606843312950463,9.803556579963328,10.557414243872579,11.3285394597532,11.138459077410928,11.070799050312377,11.381341543430668,11.49400841826732,12.015862999018111,12.331170300236037,12.48544863255793,14.550938588261301,15.49441008356968,0.06775658682862384,0.03911053604113035,0.002471172998433078
Pakistan,0,0,0,0,0,0,0,0,0,0,0,0,0,0,0,0,0,0,0,0,0,0,0,0,0,0,0,0,0,0,0,0,0,0,0,0.9267000000000001,0.8721,0.9608,1.0411,1.0764,0,0,0.000202,0.001642,0.009605,0.013329,0.026802999999999997,0.084727,0.29609464615175896,0.5512618747668117,1.059879050373479,2.1325747868640668,3.753920527269665,4.7834083326713195,6.386297962015961,7.4564376366650205,9.936178072279304,13.336602365196104,16.470701053275672,23.808192599959128,40.66870396310722,0.7128610203668071,0.44012570570614207,0.006486171630468769
Philippines,0,0,0,0,0,0,0,0,0,0,0,0,0.001,0.003,0.6369400000000001,2.04485,3.9121900000000003,3.90786,4.9349799999999995,5.35846,5.9421800000000005,5.5733,4.89597,5.22291,5.7016599999999995,5.89576,5.758,5.7,5.667,6.32,6.135,6.534,7.237,8.914,10.594,11.626,10.442,10.242493000000001,9.822443999999999,10.281550000000001,9.921429,10.519890000000002,10.273839,10.78547,10.403236999999999,10.019392999999999,10.14702,10.509468,9.88364,10.672380999999998,12.298098000000001,13.868543000000003,13.577936,13.9422337315768,14.01891528,14.41691128,14.237167439999999,14.634963904,16.0284214528,17.3222630528,18.078101717137354,0.04649321556212871,0.0392774103879201,0.002883240896901849
Singapore,0,0,0,0,0,0,0,0,0,0,0,0,0,0,0,0,0,0,0,0,0,0.085,0.085,0.085,0.085,0.085,0.245,0.245,0.245,0.245,0.245,0.245,0.245,0.245,0.245,0.245,0.47300000000000003,0.47300000000000003,0.495,0.47900000000000004,0.47765875,0.47376480000000004,0.49360919999999997,0.5211794625000001,0.5286781100000001,0.590244215,0.6100797349999999,0.64390647,0.7182690718386792,0.7685834814969509,0.8610190665098751,0.8900152220212169,0.8976541162110443,0.8976561548090372,0.9548959211667617,0.9799372167946858,1.0695052886692205,1.6365458436581708,1.7685310980431928,2.177862226999999,2.4727874570000035,0.13853033787713942,0.11126440091145295,0.0003943800094126975
South Korea,0,0,0,0,0,0,0,0,0,0,0,0,0,0,0,0,0,0,0,0,0,0,0,0,0,0.001,0.001,0.002,0.003,0.003,0.252,0.406,0.082,0.064,0.09741100000000001,0.100969,0.106774,0.200925,0.220617,0.3501832183309999,0.404100728954,0.511223188952,0.83082424427,1.373424825441,1.7906085074509446,2.008130387742,2.8049889619774007,4.1961281012654,5.9368138978904,10.141273803856802,13.0518516419179,15.278959584067335,19.519263751825854,24.44701092656399,30.22269828210486,36.521721322583645,45.050225247881606,51.94362848950001,55.34469584399999,61.41198947668412,61.828326484405004,0.009537708972007897,0.16829235904157636,0.00986087822140346
Sri Lanka,0,0,0,0,0,0,0,0,0,0,0,0,0,0,0,0,0,0,0,0,0,0,0,0,0,0,0,0,0,0,0,0,0,0,0.0035,0.003832,0.0044030960000000004,0.00510685856,0.0058097385599999996,0.00636481856,0.00930108256,0.00947252656,0.00938220656,0.01533687856,0.033299251360000004,0.09286692335999999,0.13196059536,0.17898856656,0.27535386656,0.34193076656,0.44924,0.4998,0.65842,0.73472,0.9661,1.2692,1.8939000000000001,1.8229,2.1866078575478167,2.9369565958120174,4.037729221172578,0.37856701688571825,0.2455635116158894,0.0006439694943227637
Taiwan,0,0,0,0,0,0,0,0,0,0,0,0,0,0,0,0,0,0.00828249,0.004545145,0.00350599,0.00295588,0.0045321,0.0028272,0.00310436,0.19544210599999998,0.211626749,0.24322305300000002,0.261623223,0.23271666900000001,0.25695933200000004,0.38382492,0.46987855900000003,0.5255888184999999,0.607200603,0.7588638325,1.048871007,1.3327640079999998,1.6155628230000003,1.796849125,1.8747395570000003,1.9426548545,2.1271607935000003,2.325621992,2.4095906295000002,2.543167183,2.8818795809999997,3.3888623995,3.4042790825000004,3.8124203585,3.9444586255000003,4.316590386000001,4.4724380845,5.251997288,6.346037880500001,7.851596219,10.554802494499999,12.63478307801,16.467304844,21.615736763999998,27.815987020999998,30.3936458975,0.09566186298634594,0.21552584109613981,0.004847422822859388
Thailand,0,0,0,0,0,0,0,0,0,0,0,0,0,0,0,0,0,0,0,0,0,0,0.00492,0.03019,0.021570000000000002,0.025008999999999993,0.029667,0.020860999999999998,0.029429,0.050763539999999996,0.14274905999999998,0.20712081,0.27350026500000013,0.30951109499999985,0.4474332869999996,0.5268974909999998,0.6210878389999994,0.7524021670000002,1.231493312,1.841917894999999,1.856268038999999,2.0244668949999993,2.4567868539999993,2.177745232999999,2.2962920259999997,3.42621549,4.076664259,5.211189944999998,7.23391048872,9.04550514253,16.44227854825999,20.240756272690007,23.57008728600004,27.344201671,32.030357051,29.517117557000002,32.12314374799999,32.64182459000002,37.758309536009996,40.793287035999995,35.617591972020016,-0.1244840263972744,0.08036437602946167,0.005680579710730413
Vietnam,0,0,0,0,0,0,0,0,0,0,0,0,0,0,0,0,0,0,0,0,0,0,0,0,0,0,0,0,0,0,0,0,0,0,0,0,0,0,0,0,0.05,0.065,0.079,0.0567,0.0736,0.101596,0.102596,0.10359600000000002,0.13279600000000003,0.134569,0.19766899999999998,0.32828999999999997,0.5659919999999999,0.9970000000000001,5.8919999999999995,12.524065300000014,31.17711830000001,37.40375960000004,43.55059152185244,46.68669942225144,49.68622431968037,0.06716370140113526,0.7379198477077997,0.007924358221490653
Other Asia Pacific,0,0,0,0,0,0,0,0,0,0,0,0,0,0,0,0,0,0,0,0.0010526315789473684,0.007,0.004,0.006,0.007,0.007,0.02177777784134172,0.024666666765740742,0.02666666677,0.023888888919246037,0.02866666678189655,0.031666666785593225,0.028640218000000002,0.024419092,0.022466207000000002,0.017825067,0.145900049,0.19191186827659576,0.18454541578347938,0.2503002550588894,0.26880662779665376,0.34174759239562613,0.37817108068421046,0.5971543800000001,0.7808319870101009,0.81669834310101,0.8070966440687801,0.8143518910365501,0.8354937459033099,0.9054081638710801,1.04721312483885,1.1388700878066202,1.1967088197344806,1.38051214704216,1.7587571247302338,2.146981770893498,2.3631830795714204,2.9260780720353936,3.2188077416382455,3.725618775086522,4.44294082943274,5.401205641426285,0.2190131881168722,0.16842718435989523,0.000861427667661293
Total Asia Pacific,1.6440000000000001,1.643,1.4240000000000002,1.577,1.608,1.776704,1.7546110000000001,1.7855910000000002,1.8349980000000001,2.815604598538986,2.973669861696881,2.906400072223197,2.9417789669600385,3.2368068616968815,4.03225591432846,5.4927686511705645,7.391300914328459,16.271230246433724,18.38714205932846,20.06147290432846,21.11782300485477,22.01322554064425,22.335085430117935,24.15304022169688,26.44578611732515,22.557071750694163,23.134725307213735,23.409795779900904,23.46144798051708,27.22624926600393,32.31603483144277,32.75302243239759,36.65266089354887,39.4633477746219,43.80714736804517,48.028968455843675,49.743275327346254,52.24946952916626,56.11790873449416,64.10758835682005,74.54850873300435,85.8756616691299,99.2164225022245,119.27173483747099,146.30975081191218,177.86520919516605,221.6480443045962,269.23994018253006,332.97125381769126,404.35858656783506,484.48110664126125,606.6645210978392,773.8159326860945,972.2257266637155,1122.2451782642286,1282.8792259233944,1634.1325619077754,1928.3420764306506,2297.3524116098433,2733.385111614967,3323.072082428006,0.2190658298912005,0.2123451841599795,0.5299902324549147
,,,,,,,,,,,,,,,,,,,,,,,,,,,,,,,,,,,,,,,,,,,,,,,,,,,,,,,,,,,,,,,,
Total World,17.985232095652645,19.806006895272862,19.98657074264804,22.120045096175943,23.257964376537185,25.701896848231318,27.88829458996417,29.888775064695352,32.095851635944534,34.28908463490218,34.812081802480336,38.791051117444795,40.8920406807364,43.2996494823987,46.5052543060974,49.72796540069868,53.49667348846801,61.727453339943565,68.3907241503099,76.3972161162791,78.77854684150405,85.59739511854954,91.721999306098,94.5026841304766,107.58436079282443,121.24031892920898,126.84979200066421,136.35361390073456,141.7360290999535,148.4004538070779,155.54859993993912,160.61379788773894,174.18484424308573,184.95283301424786,198.7736058705456,217.38223832319997,231.86994264913804,260.9411989795185,284.05801524249154,324.73329514126135,364.38609304001847,411.5561887848359,475.2077737856158,550.7989261498251,637.0419747125895,753.4346087488384,898.1134312394274,1056.3732896391089,1228.6975463232789,1394.1232277627537,1615.6754197461244,1833.3183985167123,2151.4567809248424,2454.4833041776187,2759.5981734508314,3111.6716333056793,3614.6172843463696,4145.63836265153,4706.458359078918,5408.683682306479,6270.062878395959,0.16243461480745847,0.14522752576490916,1
of which: OECD,17.985232095652645,19.806006895272862,19.986570742648038,22.120045096175943,23.25796437653718,25.13096349525494,25.646908599581327,27.6451774802924,29.70708101085428,31.777929604360317,32.014913904398206,35.52575084607686,37.300192150419264,39.32273259700655,41.603311148627846,43.412484249293804,44.8147373386191,52.4277577057897,57.31466318299773,65.08242489256953,66.95328896351086,73.5598903488317,79.91608249789061,82.49977268292331,94.62065779906197,105.76307105041175,111.22822362889166,119.48458504138324,125.08483924718116,129.45374633580576,132.36090690851762,136.4412619571335,146.40651478535742,154.41762111358588,162.96451656957413,176.55852710195165,187.68952567312854,214.60136558417653,233.35214484798428,267.31118660930315,301.6222395481208,336.4393251422387,385.88177477286706,438.24074973270046,494.67719025100814,571.4414035910431,673.5354054090514,779.8736236146613,886.3859454828162,976.6106662685067,1113.607354812131,1197.8011749597124,1344.8124455246618,1449.7058495074375,1592.2105139051534,1778.2321363468827,1924.060008896631,2151.2860028142454,2296.1733029965885,2510.700994699081,2739.0750936874806,0.09394922565912389,0.09417600060315734,0.43684970100143644
                 Non-OECD,0,0,0,0,0,0.5709333529763795,2.2413859903828466,2.2435975844029543,2.388770625090259,2.5111550305418606,2.797167898082132,3.265300271367958,3.591848530317139,3.9769168853921535,4.901943157469538,6.315481151404883,8.681936149848898,9.29969563415387,11.076060967312175,11.314791223709578,11.825257877993199,12.037504769717867,11.805916808207368,12.002911447553322,12.963702993762448,15.47724787879723,15.621568371772549,16.86902885935128,16.65118985277235,18.946707471272155,23.187693031421535,24.172535930605413,27.778329457728358,30.535211900662002,35.80908930097144,40.82371122124829,44.18041697600966,46.339833395342,50.705870394507386,57.42210853195842,62.76385349189776,75.1168636425972,89.32599901274855,112.558176417125,142.3647844615814,181.9932051577961,224.57802583037594,276.49966602444744,342.3116008404629,417.5125614942476,502.0680649339934,635.5172235570008,806.6443354001816,1004.7774546701817,1167.3876595456782,1333.4394969587972,1690.5572754497396,1994.3523598372838,2410.285056082331,2897.982687607398,3530.9877847084763,0.22176772793900557,0.21538357170361255,0.5631502989985632
                 European Union #,2.9090000000000003,3.979,4.316,4.818,5.243,6.9402659613,7.057850626,6.925944039999999,7.442191239,7.829309200000001,8.282595081,8.305585232,8.646165321,9.121854077999998,9.291327992,10.39777728,10.094890151000001,9.305653004,9.599038155,9.984444808,11.038906738000001,11.936470556000002,11.792065294,12.705791804000002,13.30965880209091,18.135958046467838,18.86375598783838,20.24466407975747,22.622176819393943,23.998098801090876,26.950084899121606,27.767872847735056,34.59026162860719,41.31867739601541,45.06605731904498,56.035399149668145,63.65053873384549,78.51860384515673,92.99635032250428,117.0979822608899,136.56383520540396,157.4641381864246,189.07348666212732,215.77928537016248,242.67061171296515,281.19616761185955,338.4223253857807,398.75234165024165,440.1088348569087,467.0097292221121,521.6870216169821,527.1641985011945,581.6254924594724,599.4135762206764,657.732251055425,714.2752441235486,734.5816199181719,807.2009546012838,894.2330137748646,959.621709035989,1016.6133822409591,0.062292166574833274,0.0689923048954677,0.1621376694233463
,,,,,,,,,,,,,,,,,,,,,,,,,,,,,,,,,,,,,,,,,,,,,,,,,,,,,,,,,,,,,,,,
" *  Renewable power is based on gross generation from renewable sources including wind, geothermal, solar, biomass and waste, and not accounting for cross-border electricity supply. ",,,,,,,,,,,,,,,,,,,,,,,,,,,,,,,,,,,,,,,,,,,,,,,,,,,,,,,,,,,,,,,,
 ^ Less than 0.05.,,,,,,,,,,,,,,,,,,,,,,,,,,,,,,,,,,,,,,,,,,,,,,,,,,,,,,,,,,,,,,,,
 ♦ Less than 0.05%.,,,,,,,,,,,,,,,,,,,,,,,,,,,,,,,,,,,,,,,,,,,,,,,,,,,,,,,,,,,,,,,,
 n/a not available.,,,,,,,,,,,,,,,,,,,,,,,,,,,,,,,,,,,,,,,,,,,,,,,,,,,,,,,,,,,,,,,,
"USSR includes CIS,Georgia, Ukraine and the Baltic states.",,,,,,,,,,,,,,,,,,,,,,,,,,,,,,,,,,,,,,,,,,,,,,,,,,,,,,,,,,,,,,,,
" #  Excludes Estonia, Latvia and Lithuania prior to 1985 and Croatia and Slovenia prior to 1990.",,,,,,,,,,,,,,,,,,,,,,,,,,,,,,,,,,,,,,,,,,,,,,,,,,,,,,,,,,,,,,,,
Notes: Annual changes and share of total are calculated using terawatt-hours. Growth rates are adjusted for leap years.,,,,,,,,,,,,,,,,,,,,,,,,,,,,,,,,,,,,,,,,,,,,,,,,,,,,,,,,,,,,,,,,
,,,,,,,,,,,,,,,,,,,,,,,,,,,,,,,,,,,,,,,,,,,,,,,,,,,,,,,,,,,,,,,,
